YEA_GOV,PROV,TAX_TYPE,FORM_CODE,AMT_RCV
2566,กระบี่,1,ทป3,30037597.26
2566,กระบี่,1,ป2,1015000
2566,กระบี่,1,ภงด1,106090177.8
2566,กระบี่,1,ภงด2,89390886.14
2566,กระบี่,1,ภงด3,80634820.85
2566,กระบี่,1,ภงด90,45562415.93
2566,กระบี่,1,ภงด91,18116209
2566,กระบี่,1,ภงด93,20383685.82
2566,กระบี่,1,ภงด94,8851815.07
2566,กระบี่,2,ทป3,4910200.44
2566,กระบี่,2,ป2,805300
2566,กระบี่,2,ภงด50,206186703.3
2566,กระบี่,2,ภงด51,179534583.4
2566,กระบี่,2,ภงด53,146473947
2566,กระบี่,2,ภงด54,15721276.36
2566,กระบี่,2,ภงด55,134053.42
2566,กระบี่,5,ทป3,17532030.87
2566,กระบี่,5,ป2,344900
2566,กระบี่,5,ภพ30,926934805.5
2566,กระบี่,5,ภพ36,17080049.7
2566,กระบี่,6,ทป3,6492.35
2566,กระบี่,6,ป2,13800
2566,กระบี่,6,ภธ40,28643739.01
2566,กระบี่,7,อส10,3586051.2
2566,กระบี่,7,อส10.1,17140
2566,กระบี่,7,อส4,5693641.4
2566,กระบี่,7,อส4ก,190570.4
2566,กระบี่,7,อส4ข,1704105
2566,กระบี่,7,อส9,793923
2566,กระบี่,9,รบ1,0.5
2566,กระบี่,10,รบ1,2
2566,กระบี่,11,ป2,564000
2566,กระบี่,15,รบ1,0.5
2566,กรุงเทพฯ,1,ทป3,4972451184
2566,กรุงเทพฯ,1,ป2,19990300
2566,กรุงเทพฯ,1,ภงด1,1.68943E+11
2566,กรุงเทพฯ,1,ภงด2,48941823085
2566,กรุงเทพฯ,1,ภงด3,12504467238
2566,กรุงเทพฯ,1,ภงด90,7101427409
2566,กรุงเทพฯ,1,ภงด91,5643712923
2566,กรุงเทพฯ,1,ภงด93,245133975.9
2566,กรุงเทพฯ,1,ภงด94,1400637856
2566,กรุงเทพฯ,2,ทป3,2315784405
2566,กรุงเทพฯ,2,ป2,84221000
2566,กรุงเทพฯ,2,ภงด50,1.40287E+11
2566,กรุงเทพฯ,2,ภงด51,1.38665E+11
2566,กรุงเทพฯ,2,ภงด52,6082028110
2566,กรุงเทพฯ,2,ภงด53,1.3125E+11
2566,กรุงเทพฯ,2,ภงด54,73575163150
2566,กรุงเทพฯ,2,ภงด55,544093247.5
2566,กรุงเทพฯ,3,ภงป70,44275602317
2566,กรุงเทพฯ,3,ภงป71,4516651038
2566,กรุงเทพฯ,3,ภงป73,11887.17
2566,กรุงเทพฯ,5,ทป3,1290904241
2566,กรุงเทพฯ,5,ป2,25645300
2566,กรุงเทพฯ,5,ภพ30,2.95845E+11
2566,กรุงเทพฯ,5,ภพ30.2,13330314.07
2566,กรุงเทพฯ,5,ภพ30.3,2231111.65
2566,กรุงเทพฯ,5,ภพ309,7475252527
2566,กรุงเทพฯ,5,ภพ36,40228935756
2566,กรุงเทพฯ,6,ทป3,31411176.12
2566,กรุงเทพฯ,6,ป2,1080600
2566,กรุงเทพฯ,6,ภธ40,34065635493
2566,กรุงเทพฯ,7,ทป3,18366067.62
2566,กรุงเทพฯ,7,อส10,373064204.2
2566,กรุงเทพฯ,7,อส10.1,17858266
2566,กรุงเทพฯ,7,อส4,1967534443
2566,กรุงเทพฯ,7,อส4ก,120936620.5
2566,กรุงเทพฯ,7,อส4ข,3213467868
2566,กรุงเทพฯ,7,อส9,502510755
2566,กรุงเทพฯ,9,รบ1,91560.35
2566,กรุงเทพฯ,10,รบ1,47
2566,กรุงเทพฯ,11,ป2,74446200
2566,กรุงเทพฯ,15,รบ1,348341.19
2566,กรุงเทพฯ,70,ทป3,94626567.65
2566,กรุงเทพฯ,70,ภม60,562290993.2
2566,กาญจนบุรี,1,ทป3,115617807.7
2566,กาญจนบุรี,1,ป2,1137800
2566,กาญจนบุรี,1,ภงด1,168789896.9
2566,กาญจนบุรี,1,ภงด2,45552865.85
2566,กาญจนบุรี,1,ภงด3,79674554.39
2566,กาญจนบุรี,1,ภงด90,116733733.1
2566,กาญจนบุรี,1,ภงด91,36374433.41
2566,กาญจนบุรี,1,ภงด93,77218550.51
2566,กาญจนบุรี,1,ภงด94,49440551.1
2566,กาญจนบุรี,2,ทป3,11487502.67
2566,กาญจนบุรี,2,ป2,1031600
2566,กาญจนบุรี,2,ภงด50,246121040.4
2566,กาญจนบุรี,2,ภงด51,246013426.9
2566,กาญจนบุรี,2,ภงด53,208194096.5
2566,กาญจนบุรี,2,ภงด54,4333953
2566,กาญจนบุรี,2,ภงด55,217018.28
2566,กาญจนบุรี,5,ทป3,44995872.67
2566,กาญจนบุรี,5,ป2,542300
2566,กาญจนบุรี,5,ภพ30,1274244524
2566,กาญจนบุรี,5,ภพ30.2,587030.03
2566,กาญจนบุรี,5,ภพ36,4795792.75
2566,กาญจนบุรี,6,ทป3,2136140.55
2566,กาญจนบุรี,6,ป2,15300
2566,กาญจนบุรี,6,ภธ40,45884847.81
2566,กาญจนบุรี,7,ทป3,101350
2566,กาญจนบุรี,7,อส10,7521441.1
2566,กาญจนบุรี,7,อส10.1,184484
2566,กาญจนบุรี,7,อส4,4957321.5
2566,กาญจนบุรี,7,อส4ก,146979
2566,กาญจนบุรี,7,อส4ข,1588400
2566,กาญจนบุรี,7,อส9,3587839
2566,กาญจนบุรี,10,รบ1,0.5
2566,กาญจนบุรี,11,ป2,1624700
2566,กาญจนบุรี,15,รบ1,1.55
2566,กาฬสินธุ์,1,ทป3,45594226.74
2566,กาฬสินธุ์,1,ป2,1828000
2566,กาฬสินธุ์,1,ภงด1,57774078.35
2566,กาฬสินธุ์,1,ภงด2,16637256.22
2566,กาฬสินธุ์,1,ภงด3,46400635.39
2566,กาฬสินธุ์,1,ภงด90,43729785.81
2566,กาฬสินธุ์,1,ภงด91,38084624.52
2566,กาฬสินธุ์,1,ภงด93,41762550.85
2566,กาฬสินธุ์,1,ภงด94,12484497.57
2566,กาฬสินธุ์,2,ทป3,9600609.59
2566,กาฬสินธุ์,2,ป2,524500
2566,กาฬสินธุ์,2,ภงด50,114935280
2566,กาฬสินธุ์,2,ภงด51,72169824.18
2566,กาฬสินธุ์,2,ภงด53,82527405.45
2566,กาฬสินธุ์,2,ภงด54,148583.25
2566,กาฬสินธุ์,2,ภงด55,252846.96
2566,กาฬสินธุ์,5,ทป3,57138588.01
2566,กาฬสินธุ์,5,ป2,614900
2566,กาฬสินธุ์,5,ภพ30,773770547.3
2566,กาฬสินธุ์,5,ภพ36,5047200.43
2566,กาฬสินธุ์,6,ทป3,122218.59
2566,กาฬสินธุ์,6,ป2,19800
2566,กาฬสินธุ์,6,ภธ40,37239813.3
2566,กาฬสินธุ์,7,อส10,4872319.7
2566,กาฬสินธุ์,7,อส10.1,239149
2566,กาฬสินธุ์,7,อส4,2088765.83
2566,กาฬสินธุ์,7,อส4ก,69794
2566,กาฬสินธุ์,7,อส4ข,1204301.2
2566,กาฬสินธุ์,7,อส9,3887347
2566,กาฬสินธุ์,11,ป2,636900
2566,กำแพงเพชร,1,ทป3,30372575.86
2566,กำแพงเพชร,1,ป2,1451800
2566,กำแพงเพชร,1,ภงด1,47022766.43
2566,กำแพงเพชร,1,ภงด2,19245985.5
2566,กำแพงเพชร,1,ภงด3,46264045.09
2566,กำแพงเพชร,1,ภงด90,41671711.44
2566,กำแพงเพชร,1,ภงด91,21504326.69
2566,กำแพงเพชร,1,ภงด93,52115081.29
2566,กำแพงเพชร,1,ภงด94,10549023.02
2566,กำแพงเพชร,2,ทป3,6953340.75
2566,กำแพงเพชร,2,ป2,373500
2566,กำแพงเพชร,2,ภงด50,54977023.91
2566,กำแพงเพชร,2,ภงด51,34537054.22
2566,กำแพงเพชร,2,ภงด53,161866651.8
2566,กำแพงเพชร,2,ภงด54,151141.81
2566,กำแพงเพชร,2,ภงด55,317794.98
2566,กำแพงเพชร,5,ทป3,26692402.59
2566,กำแพงเพชร,5,ป2,345800
2566,กำแพงเพชร,5,ภพ30,2089304568
2566,กำแพงเพชร,5,ภพ36,11991971.54
2566,กำแพงเพชร,6,ทป3,465873.61
2566,กำแพงเพชร,6,ป2,3900
2566,กำแพงเพชร,6,ภธ40,29775206.65
2566,กำแพงเพชร,7,อส10,3279582.68
2566,กำแพงเพชร,7,อส10.1,2822850
2566,กำแพงเพชร,7,อส4,4580906.11
2566,กำแพงเพชร,7,อส4ก,63081
2566,กำแพงเพชร,7,อส4ข,1665636.98
2566,กำแพงเพชร,7,อส9,4371915
2566,กำแพงเพชร,9,รบ1,320
2566,กำแพงเพชร,11,ป2,413400
2566,กำแพงเพชร,15,รบ1,420.5
2566,ขอนแก่น,1,ทป3,169542087.2
2566,ขอนแก่น,1,ป2,3616800
2566,ขอนแก่น,1,ภงด1,497655186.6
2566,ขอนแก่น,1,ภงด2,139666449.3
2566,ขอนแก่น,1,ภงด3,259414951.7
2566,ขอนแก่น,1,ภงด90,209237352.3
2566,ขอนแก่น,1,ภงด91,116469921.7
2566,ขอนแก่น,1,ภงด93,55590502.93
2566,ขอนแก่น,1,ภงด94,36085014.65
2566,ขอนแก่น,2,ทป3,19367843.87
2566,ขอนแก่น,2,ป2,1920000
2566,ขอนแก่น,2,ภงด50,560208733.6
2566,ขอนแก่น,2,ภงด51,391999919.9
2566,ขอนแก่น,2,ภงด53,491135824.9
2566,ขอนแก่น,2,ภงด54,32514871.31
2566,ขอนแก่น,2,ภงด55,1214379.87
2566,ขอนแก่น,5,ทป3,44253912.86
2566,ขอนแก่น,5,ป2,1857500
2566,ขอนแก่น,5,ภพ30,4108182546
2566,ขอนแก่น,5,ภพ36,16474109.42
2566,ขอนแก่น,6,ทป3,2593049.92
2566,ขอนแก่น,6,ป2,39600
2566,ขอนแก่น,6,ภธ40,116716161.2
2566,ขอนแก่น,7,ทป3,15060
2566,ขอนแก่น,7,อส10,14539764.56
2566,ขอนแก่น,7,อส10.1,1704597
2566,ขอนแก่น,7,อส4,11852565.3
2566,ขอนแก่น,7,อส4ก,196828.09
2566,ขอนแก่น,7,อส4ข,13924741.31
2566,ขอนแก่น,7,อส9,9959052
2566,ขอนแก่น,10,รบ1,0.5
2566,ขอนแก่น,11,ป2,1621100
2566,ขอนแก่น,15,รบ1,1897.64
2566,จันทบุรี,1,ทป3,58172344.65
2566,จันทบุรี,1,ป2,1284300
2566,จันทบุรี,1,ภงด1,62914222.16
2566,จันทบุรี,1,ภงด2,27836339.91
2566,จันทบุรี,1,ภงด3,69002034.9
2566,จันทบุรี,1,ภงด90,100705308.7
2566,จันทบุรี,1,ภงด91,28745398.62
2566,จันทบุรี,1,ภงด93,383963.26
2566,จันทบุรี,1,ภงด94,31197783.78
2566,จันทบุรี,2,ทป3,13420634.34
2566,จันทบุรี,2,ป2,850200
2566,จันทบุรี,2,ภงด50,494609738.5
2566,จันทบุรี,2,ภงด51,235718517.4
2566,จันทบุรี,2,ภงด53,138783414.3
2566,จันทบุรี,2,ภงด54,4603376.03
2566,จันทบุรี,2,ภงด55,418489.43
2566,จันทบุรี,5,ทป3,13938539.32
2566,จันทบุรี,5,ป2,429700
2566,จันทบุรี,5,ภพ30,663938933.6
2566,จันทบุรี,5,ภพ30.2,138790.03
2566,จันทบุรี,5,ภพ36,3656457.15
2566,จันทบุรี,6,ทป3,10464
2566,จันทบุรี,6,ป2,70100
2566,จันทบุรี,6,ภธ40,34006589.43
2566,จันทบุรี,7,อส10,6179012
2566,จันทบุรี,7,อส10.1,603284
2566,จันทบุรี,7,อส4,2241878.37
2566,จันทบุรี,7,อส4ก,67458
2566,จันทบุรี,7,อส4ข,2725061.5
2566,จันทบุรี,7,อส9,2726645
2566,จันทบุรี,11,ป2,641200
2566,จันทบุรี,15,รบ1,2
2566,ฉะเชิงเทรา,1,ทป3,185864247.1
2566,ฉะเชิงเทรา,1,ป2,1122800
2566,ฉะเชิงเทรา,1,ภงด1,1899815708
2566,ฉะเชิงเทรา,1,ภงด2,255174495.2
2566,ฉะเชิงเทรา,1,ภงด3,202382540.9
2566,ฉะเชิงเทรา,1,ภงด90,112768153.8
2566,ฉะเชิงเทรา,1,ภงด91,144611838.1
2566,ฉะเชิงเทรา,1,ภงด93,481510.34
2566,ฉะเชิงเทรา,1,ภงด94,32884213.11
2566,ฉะเชิงเทรา,2,ทป3,69484069.68
2566,ฉะเชิงเทรา,2,ป2,1965600
2566,ฉะเชิงเทรา,2,ภงด50,2565651636
2566,ฉะเชิงเทรา,2,ภงด51,2504741517
2566,ฉะเชิงเทรา,2,ภงด53,1656729911
2566,ฉะเชิงเทรา,2,ภงด54,2913760908
2566,ฉะเชิงเทรา,2,ภงด55,1077812.35
2566,ฉะเชิงเทรา,5,ทป3,72492426.94
2566,ฉะเชิงเทรา,5,ป2,893400
2566,ฉะเชิงเทรา,5,ภพ30,4627859086
2566,ฉะเชิงเทรา,5,ภพ30.2,1726.5
2566,ฉะเชิงเทรา,5,ภพ36,978000641.8
2566,ฉะเชิงเทรา,6,ทป3,415122.35
2566,ฉะเชิงเทรา,6,ป2,40200
2566,ฉะเชิงเทรา,6,ภธ40,49726855.96
2566,ฉะเชิงเทรา,7,อส10,5601402.49
2566,ฉะเชิงเทรา,7,อส10.1,3624493
2566,ฉะเชิงเทรา,7,อส4,21333912.42
2566,ฉะเชิงเทรา,7,อส4ก,166683
2566,ฉะเชิงเทรา,7,อส4ข,4816928.5
2566,ฉะเชิงเทรา,7,อส9,12619004
2566,ฉะเชิงเทรา,11,ป2,2403500
2566,ฉะเชิงเทรา,15,รบ1,2.5
2566,ชลบุรี,1,ทป3,405176479.2
2566,ชลบุรี,1,ป2,4947400
2566,ชลบุรี,1,ภงด1,8693347195
2566,ชลบุรี,1,ภงด2,886116196.9
2566,ชลบุรี,1,ภงด3,1125329365
2566,ชลบุรี,1,ภงด90,509537223
2566,ชลบุรี,1,ภงด91,709393128.2
2566,ชลบุรี,1,ภงด93,29517619.08
2566,ชลบุรี,1,ภงด94,124255372.9
2566,ชลบุรี,2,ทป3,95994926.78
2566,ชลบุรี,2,ป2,13240400
2566,ชลบุรี,2,ภงด50,11890840006
2566,ชลบุรี,2,ภงด51,10475478056
2566,ชลบุรี,2,ภงด52,19706003.43
2566,ชลบุรี,2,ภงด53,8043669749
2566,ชลบุรี,2,ภงด54,11556143006
2566,ชลบุรี,2,ภงด55,1553021.89
2566,ชลบุรี,5,ทป3,179387953
2566,ชลบุรี,5,ป2,4205600
2566,ชลบุรี,5,ภพ30,23884901812
2566,ชลบุรี,5,ภพ30.2,2611.96
2566,ชลบุรี,5,ภพ36,3829491040
2566,ชลบุรี,6,ทป3,2076515.73
2566,ชลบุรี,6,ป2,121100
2566,ชลบุรี,6,ภธ40,250673128.6
2566,ชลบุรี,7,ทป3,5529097.93
2566,ชลบุรี,7,อส10,32169991.8
2566,ชลบุรี,7,อส10.1,683156
2566,ชลบุรี,7,อส4,89778055.29
2566,ชลบุรี,7,อส4ก,1066026
2566,ชลบุรี,7,อส4ข,15522061.73
2566,ชลบุรี,7,อส9,94187611
2566,ชลบุรี,9,รบ1,645
2566,ชลบุรี,10,รบ1,3.5
2566,ชลบุรี,11,ป2,8821700
2566,ชลบุรี,15,รบ1,1071
2566,ชัยนาท,1,ทป3,19349595.02
2566,ชัยนาท,1,ป2,794800
2566,ชัยนาท,1,ภงด1,24821772.17
2566,ชัยนาท,1,ภงด2,14135729.88
2566,ชัยนาท,1,ภงด3,30672218.61
2566,ชัยนาท,1,ภงด90,30035922.59
2566,ชัยนาท,1,ภงด91,16184354.96
2566,ชัยนาท,1,ภงด93,37720
2566,ชัยนาท,1,ภงด94,7262795.94
2566,ชัยนาท,2,ทป3,1043855.1
2566,ชัยนาท,2,ป2,563100
2566,ชัยนาท,2,ภงด50,50666425.92
2566,ชัยนาท,2,ภงด51,41882101.56
2566,ชัยนาท,2,ภงด53,112784334.7
2566,ชัยนาท,2,ภงด55,102280.36
2566,ชัยนาท,5,ทป3,4754485
2566,ชัยนาท,5,ป2,134100
2566,ชัยนาท,5,ภพ30,265436612.5
2566,ชัยนาท,5,ภพ36,407773.08
2566,ชัยนาท,6,ป2,1800
2566,ชัยนาท,6,ภธ40,10706767.11
2566,ชัยนาท,7,ทป3,2.48
2566,ชัยนาท,7,อส10,2900106
2566,ชัยนาท,7,อส10.1,350054
2566,ชัยนาท,7,อส4,1864171
2566,ชัยนาท,7,อส4ก,23256
2566,ชัยนาท,7,อส4ข,304809.5
2566,ชัยนาท,7,อส9,1416531
2566,ชัยนาท,11,ป2,295900
2566,ชัยภูมิ,1,ทป3,39296817.35
2566,ชัยภูมิ,1,ป2,1964600
2566,ชัยภูมิ,1,ภงด1,51192647.26
2566,ชัยภูมิ,1,ภงด2,4448595.67
2566,ชัยภูมิ,1,ภงด3,52559569.15
2566,ชัยภูมิ,1,ภงด90,41329091.07
2566,ชัยภูมิ,1,ภงด91,32427843.84
2566,ชัยภูมิ,1,ภงด93,53772291.85
2566,ชัยภูมิ,1,ภงด94,13686442.13
2566,ชัยภูมิ,2,ทป3,2640477.88
2566,ชัยภูมิ,2,ป2,497000
2566,ชัยภูมิ,2,ภงด50,155609207.9
2566,ชัยภูมิ,2,ภงด51,92649045.51
2566,ชัยภูมิ,2,ภงด53,115686528.2
2566,ชัยภูมิ,2,ภงด54,882.57
2566,ชัยภูมิ,2,ภงด55,452300.33
2566,ชัยภูมิ,5,ทป3,30290514.38
2566,ชัยภูมิ,5,ป2,653300
2566,ชัยภูมิ,5,ภพ30,926204374.1
2566,ชัยภูมิ,5,ภพ36,983615.14
2566,ชัยภูมิ,6,ป2,23200
2566,ชัยภูมิ,6,ภธ40,36808680.78
2566,ชัยภูมิ,7,อส10,5431699.17
2566,ชัยภูมิ,7,อส10.1,1075623
2566,ชัยภูมิ,7,อส4,2945104.69
2566,ชัยภูมิ,7,อส4ก,77189
2566,ชัยภูมิ,7,อส4ข,1133308.58
2566,ชัยภูมิ,7,อส9,5226483
2566,ชัยภูมิ,10,รบ1,9
2566,ชัยภูมิ,11,ป2,572500
2566,ชัยภูมิ,15,รบ1,1
2566,ชุมพร,1,ทป3,36532062.88
2566,ชุมพร,1,ป2,1230600
2566,ชุมพร,1,ภงด1,52293772.99
2566,ชุมพร,1,ภงด2,20071558.88
2566,ชุมพร,1,ภงด3,46628554.74
2566,ชุมพร,1,ภงด90,55885308.52
2566,ชุมพร,1,ภงด91,20968645.49
2566,ชุมพร,1,ภงด93,13298078.16
2566,ชุมพร,1,ภงด94,13398478.78
2566,ชุมพร,2,ทป3,7712481.85
2566,ชุมพร,2,ป2,887900
2566,ชุมพร,2,ภงด50,139659170.4
2566,ชุมพร,2,ภงด51,98677647.39
2566,ชุมพร,2,ภงด53,104728647.3
2566,ชุมพร,2,ภงด54,6452.21
2566,ชุมพร,2,ภงด55,129497.47
2566,ชุมพร,5,ทป3,19136281.03
2566,ชุมพร,5,ป2,410100
2566,ชุมพร,5,ภพ30,1014277585
2566,ชุมพร,5,ภพ36,923872.14
2566,ชุมพร,6,ทป3,502534.29
2566,ชุมพร,6,ป2,11300
2566,ชุมพร,6,ภธ40,18550477.92
2566,ชุมพร,7,ทป3,549
2566,ชุมพร,7,อส10,3462866.4
2566,ชุมพร,7,อส10.1,186151
2566,ชุมพร,7,อส4,3816811.5
2566,ชุมพร,7,อส4ก,106014
2566,ชุมพร,7,อส4ข,1268026.11
2566,ชุมพร,7,อส9,1859725
2566,ชุมพร,10,รบ1,0.5
2566,ชุมพร,11,ป2,591500
2566,ชุมพร,15,รบ1,0.5
2566,เชียงราย,1,ทป3,70978069.53
2566,เชียงราย,1,ป2,1736900
2566,เชียงราย,1,ภงด1,166664323.9
2566,เชียงราย,1,ภงด2,55766230.25
2566,เชียงราย,1,ภงด3,121273257
2566,เชียงราย,1,ภงด90,103310741.3
2566,เชียงราย,1,ภงด91,36701215.37
2566,เชียงราย,1,ภงด93,1755349.1
2566,เชียงราย,1,ภงด94,26855214.19
2566,เชียงราย,2,ทป3,28266348.77
2566,เชียงราย,2,ป2,1821200
2566,เชียงราย,2,ภงด50,240168281.6
2566,เชียงราย,2,ภงด51,192191182
2566,เชียงราย,2,ภงด53,249780714.5
2566,เชียงราย,2,ภงด54,1977709.66
2566,เชียงราย,2,ภงด55,1278681.61
2566,เชียงราย,5,ทป3,32784324.91
2566,เชียงราย,5,ป2,776700
2566,เชียงราย,5,ภพ30,1273882872
2566,เชียงราย,5,ภพ36,10230814.54
2566,เชียงราย,6,ทป3,772466.39
2566,เชียงราย,6,ป2,34400
2566,เชียงราย,6,ภธ40,50618195.16
2566,เชียงราย,7,อส10,8567122.45
2566,เชียงราย,7,อส10.1,794365
2566,เชียงราย,7,อส4,8499605.17
2566,เชียงราย,7,อส4ก,103999.85
2566,เชียงราย,7,อส4ข,7747399.74
2566,เชียงราย,7,อส9,4821247
2566,เชียงราย,9,รบ1,1710
2566,เชียงราย,11,ป2,2322800
2566,เชียงราย,15,รบ1,257.5
2566,เชียงราย,70,ภม60,48047.11
2566,เชียงใหม่,1,ทป3,237919100.4
2566,เชียงใหม่,1,ป2,6099500
2566,เชียงใหม่,1,ภงด1,1041070356
2566,เชียงใหม่,1,ภงด2,387227856.5
2566,เชียงใหม่,1,ภงด3,467382221.1
2566,เชียงใหม่,1,ภงด90,314711826.1
2566,เชียงใหม่,1,ภงด91,124017939.8
2566,เชียงใหม่,1,ภงด93,497690.83
2566,เชียงใหม่,1,ภงด94,56599947.44
2566,เชียงใหม่,2,ทป3,86478671.82
2566,เชียงใหม่,2,ป2,4536500
2566,เชียงใหม่,2,ภงด50,1073041857
2566,เชียงใหม่,2,ภงด51,829071293.8
2566,เชียงใหม่,2,ภงด53,1078215546
2566,เชียงใหม่,2,ภงด54,18677394.8
2566,เชียงใหม่,2,ภงด55,4305314.46
2566,เชียงใหม่,5,ทป3,119881763.6
2566,เชียงใหม่,5,ป2,2371700
2566,เชียงใหม่,5,ภพ30,5159743987
2566,เชียงใหม่,5,ภพ30.2,86587.94
2566,เชียงใหม่,5,ภพ36,102643265.4
2566,เชียงใหม่,6,ทป3,8660161.21
2566,เชียงใหม่,6,ป2,58900
2566,เชียงใหม่,6,ภธ40,176773412.7
2566,เชียงใหม่,7,ทป3,77760
2566,เชียงใหม่,7,อส10,22386214.32
2566,เชียงใหม่,7,อส10.1,620462
2566,เชียงใหม่,7,อส4,32534262.5
2566,เชียงใหม่,7,อส4ก,561702
2566,เชียงใหม่,7,อส4ข,17047540.8
2566,เชียงใหม่,7,อส9,19281639
2566,เชียงใหม่,9,รบ1,0.5
2566,เชียงใหม่,10,รบ1,5.5
2566,เชียงใหม่,11,ป2,2967800
2566,เชียงใหม่,15,รบ1,4002
2566,เชียงใหม่,999,รบ1,2000
2566,ตรัง,1,ทป3,38569752.31
2566,ตรัง,1,ป2,810500
2566,ตรัง,1,ภงด1,66508549.16
2566,ตรัง,1,ภงด2,52824562.41
2566,ตรัง,1,ภงด3,63495562.63
2566,ตรัง,1,ภงด90,51100908.07
2566,ตรัง,1,ภงด91,28236284.44
2566,ตรัง,1,ภงด93,13719447.21
2566,ตรัง,1,ภงด94,11846902.23
2566,ตรัง,2,ทป3,3056232.37
2566,ตรัง,2,ป2,374900
2566,ตรัง,2,ภงด50,169555486
2566,ตรัง,2,ภงด51,96419663.98
2566,ตรัง,2,ภงด52,1237625.37
2566,ตรัง,2,ภงด53,126691107.5
2566,ตรัง,2,ภงด54,439418.24
2566,ตรัง,2,ภงด55,131332.69
2566,ตรัง,5,ทป3,16332081.07
2566,ตรัง,5,ป2,163100
2566,ตรัง,5,ภพ30,631816018.9
2566,ตรัง,5,ภพ36,2252444.97
2566,ตรัง,6,ทป3,428533.19
2566,ตรัง,6,ป2,6000
2566,ตรัง,6,ภธ40,30659558.06
2566,ตรัง,7,อส10,5082785.45
2566,ตรัง,7,อส10.1,39270
2566,ตรัง,7,อส4,6001718.25
2566,ตรัง,7,อส4ก,127413.9
2566,ตรัง,7,อส4ข,1021390.29
2566,ตรัง,7,อส9,1248107
2566,ตรัง,9,รบ1,92
2566,ตรัง,11,ป2,718700
2566,ตราด,1,ทป3,19887613.3
2566,ตราด,1,ป2,715600
2566,ตราด,1,ภงด1,28168986.1
2566,ตราด,1,ภงด2,9485219.61
2566,ตราด,1,ภงด3,22024931.19
2566,ตราด,1,ภงด90,31447473.09
2566,ตราด,1,ภงด91,11455150.35
2566,ตราด,1,ภงด93,584942.24
2566,ตราด,1,ภงด94,13497290.34
2566,ตราด,2,ทป3,2371529.88
2566,ตราด,2,ป2,357800
2566,ตราด,2,ภงด50,51823225.97
2566,ตราด,2,ภงด51,34239973.15
2566,ตราด,2,ภงด53,42636845.43
2566,ตราด,2,ภงด55,113389.31
2566,ตราด,5,ทป3,11941390.46
2566,ตราด,5,ป2,268700
2566,ตราด,5,ภพ30,378919814.2
2566,ตราด,5,ภพ36,5530126.92
2566,ตราด,6,ทป3,43234.72
2566,ตราด,6,ป2,5300
2566,ตราด,6,ภธ40,9763418.9
2566,ตราด,7,อส10,2145090.01
2566,ตราด,7,อส10.1,100837
2566,ตราด,7,อส4,2403695
2566,ตราด,7,อส4ก,27355.5
2566,ตราด,7,อส4ข,358457.2
2566,ตราด,7,อส9,812874
2566,ตราด,11,ป2,436599
2566,ตาก,1,ทป3,43350600.77
2566,ตาก,1,ป2,1222900
2566,ตาก,1,ภงด1,58229472.99
2566,ตาก,1,ภงด2,30616729.53
2566,ตาก,1,ภงด3,48266640.32
2566,ตาก,1,ภงด90,50339228.26
2566,ตาก,1,ภงด91,18202437.12
2566,ตาก,1,ภงด93,1375166.09
2566,ตาก,1,ภงด94,15192460.58
2566,ตาก,2,ทป3,9180558.55
2566,ตาก,2,ป2,655400
2566,ตาก,2,ภงด50,208798193.2
2566,ตาก,2,ภงด51,167082399.1
2566,ตาก,2,ภงด53,106272977.3
2566,ตาก,2,ภงด54,500436.68
2566,ตาก,2,ภงด55,290184.53
2566,ตาก,5,ทป3,11854272.12
2566,ตาก,5,ป2,368400
2566,ตาก,5,ภพ30,784663202.7
2566,ตาก,5,ภพ36,4411160.49
2566,ตาก,6,ทป3,26366.27
2566,ตาก,6,ป2,9300
2566,ตาก,6,ภธ40,20754040.03
2566,ตาก,7,ทป3,162667.5
2566,ตาก,7,อส10,4518478.5
2566,ตาก,7,อส10.1,177076
2566,ตาก,7,อส4,4718566
2566,ตาก,7,อส4ก,42117.9
2566,ตาก,7,อส4ข,719180.4
2566,ตาก,7,อส9,557926
2566,ตาก,10,รบ1,23.5
2566,ตาก,11,ป2,293400
2566,ตาก,15,รบ1,4789.06
2566,นครนายก,1,ทป3,24515680.83
2566,นครนายก,1,ป2,601800
2566,นครนายก,1,ภงด1,54762046.94
2566,นครนายก,1,ภงด2,8195878.81
2566,นครนายก,1,ภงด3,37195091.78
2566,นครนายก,1,ภงด90,29159950.86
2566,นครนายก,1,ภงด91,13923738.15
2566,นครนายก,1,ภงด93,218647
2566,นครนายก,1,ภงด94,10028396.4
2566,นครนายก,2,ทป3,7198987.76
2566,นครนายก,2,ป2,479100
2566,นครนายก,2,ภงด50,55713453.27
2566,นครนายก,2,ภงด51,56971721.35
2566,นครนายก,2,ภงด53,73759282.74
2566,นครนายก,2,ภงด54,70174.23
2566,นครนายก,2,ภงด55,66748.1
2566,นครนายก,5,ทป3,9945075.49
2566,นครนายก,5,ป2,190900
2566,นครนายก,5,ภพ30,410461571.3
2566,นครนายก,5,ภพ36,1068383.34
2566,นครนายก,6,ทป3,584396.3
2566,นครนายก,6,ป2,13100
2566,นครนายก,6,ภธ40,12599627.32
2566,นครนายก,7,อส10,2186392.7
2566,นครนายก,7,อส10.1,141664
2566,นครนายก,7,อส4,2907945
2566,นครนายก,7,อส4ก,33447
2566,นครนายก,7,อส4ข,247829.49
2566,นครนายก,7,อส9,1179763
2566,นครนายก,11,ป2,385200
2566,นครนายก,15,รบ1,1248
2566,นครปฐม,1,ทป3,155909601.7
2566,นครปฐม,1,ป2,2696100
2566,นครปฐม,1,ภงด1,1500776297
2566,นครปฐม,1,ภงด2,649746668.1
2566,นครปฐม,1,ภงด3,351915950.9
2566,นครปฐม,1,ภงด90,241435999.2
2566,นครปฐม,1,ภงด91,106218641.1
2566,นครปฐม,1,ภงด93,1441705.33
2566,นครปฐม,1,ภงด94,42805622.39
2566,นครปฐม,2,ทป3,98067643.76
2566,นครปฐม,2,ป2,4660700
2566,นครปฐม,2,ภงด50,2142805942
2566,นครปฐม,2,ภงด51,1777122883
2566,นครปฐม,2,ภงด53,1185913767
2566,นครปฐม,2,ภงด54,136752491.6
2566,นครปฐม,2,ภงด55,2005909.39
2566,นครปฐม,5,ทป3,90590036.97
2566,นครปฐม,5,ป2,1456400
2566,นครปฐม,5,ภพ30,6354348727
2566,นครปฐม,5,ภพ30.2,8339.44
2566,นครปฐม,5,ภพ36,67479141.32
2566,นครปฐม,6,ทป3,4973842.53
2566,นครปฐม,6,ป2,55000
2566,นครปฐม,6,ภธ40,68701959.25
2566,นครปฐม,7,อส10,11491444.5
2566,นครปฐม,7,อส10.1,104706
2566,นครปฐม,7,อส4,14828814
2566,นครปฐม,7,อส4ก,517254.31
2566,นครปฐม,7,อส4ข,11495452.5
2566,นครปฐม,7,อส9,12187744
2566,นครปฐม,11,ป2,2214600
2566,นครปฐม,15,รบ1,5646.17
2566,นครปฐม,70,ภม60,65138625.4
2566,นครพนม,1,ทป3,26727336.31
2566,นครพนม,1,ป2,1214700
2566,นครพนม,1,ภงด1,21496834.46
2566,นครพนม,1,ภงด2,2127858.14
2566,นครพนม,1,ภงด3,23639269
2566,นครพนม,1,ภงด90,34682048.62
2566,นครพนม,1,ภงด91,23609444.37
2566,นครพนม,1,ภงด93,243500
2566,นครพนม,1,ภงด94,8480477.64
2566,นครพนม,2,ทป3,1433457.57
2566,นครพนม,2,ป2,508200
2566,นครพนม,2,ภงด50,30965119.32
2566,นครพนม,2,ภงด51,22419335.13
2566,นครพนม,2,ภงด53,40896031.48
2566,นครพนม,2,ภงด55,200454
2566,นครพนม,5,ทป3,6366649.52
2566,นครพนม,5,ป2,435300
2566,นครพนม,5,ภพ30,374349027.5
2566,นครพนม,5,ภพ36,1299089.12
2566,นครพนม,6,ทป3,119907.4
2566,นครพนม,6,ป2,27600
2566,นครพนม,6,ภธ40,26033854.31
2566,นครพนม,7,อส10,3786287.26
2566,นครพนม,7,อส10.1,122868
2566,นครพนม,7,อส4,1174769.93
2566,นครพนม,7,อส4ก,56411.58
2566,นครพนม,7,อส4ข,605306.87
2566,นครพนม,7,อส9,2067121
2566,นครพนม,11,ป2,312300
2566,นครราชสีมา,1,ทป3,189196319.4
2566,นครราชสีมา,1,ป2,4517400
2566,นครราชสีมา,1,ภงด1,903639507.9
2566,นครราชสีมา,1,ภงด2,111884752.4
2566,นครราชสีมา,1,ภงด3,311364672.8
2566,นครราชสีมา,1,ภงด90,214203394.6
2566,นครราชสีมา,1,ภงด91,143438357
2566,นครราชสีมา,1,ภงด93,134027674.1
2566,นครราชสีมา,1,ภงด94,64738066
2566,นครราชสีมา,2,ทป3,137249926.8
2566,นครราชสีมา,2,ป2,2729900
2566,นครราชสีมา,2,ภงด50,1235853068
2566,นครราชสีมา,2,ภงด51,844516858.6
2566,นครราชสีมา,2,ภงด53,1174934350
2566,นครราชสีมา,2,ภงด54,356740193.6
2566,นครราชสีมา,2,ภงด55,1611584.17
2566,นครราชสีมา,5,ทป3,43570645.77
2566,นครราชสีมา,5,ป2,1815800
2566,นครราชสีมา,5,ภพ30,4818030926
2566,นครราชสีมา,5,ภพ36,154132490.2
2566,นครราชสีมา,6,ทป3,67246.66
2566,นครราชสีมา,6,ป2,75000
2566,นครราชสีมา,6,ภธ40,147446535.5
2566,นครราชสีมา,7,อส10,19456106.71
2566,นครราชสีมา,7,อส10.1,2572783
2566,นครราชสีมา,7,อส4,15259139.25
2566,นครราชสีมา,7,อส4ก,379320.6
2566,นครราชสีมา,7,อส4ข,12186117.26
2566,นครราชสีมา,7,อส9,19085941
2566,นครราชสีมา,11,ป2,3600600
2566,นครราชสีมา,70,ภม60,104563.33
2566,นครศรีธรรมราช,1,ทป3,75761477.94
2566,นครศรีธรรมราช,1,ป2,1646300
2566,นครศรีธรรมราช,1,ภงด1,223998672.6
2566,นครศรีธรรมราช,1,ภงด2,35163852.25
2566,นครศรีธรรมราช,1,ภงด3,117187222
2566,นครศรีธรรมราช,1,ภงด90,96373203.76
2566,นครศรีธรรมราช,1,ภงด91,76177632.57
2566,นครศรีธรรมราช,1,ภงด93,7998452.94
2566,นครศรีธรรมราช,1,ภงด94,19479976.33
2566,นครศรีธรรมราช,2,ทป3,3421910.66
2566,นครศรีธรรมราช,2,ป2,1299300
2566,นครศรีธรรมราช,2,ภงด50,202178974.3
2566,นครศรีธรรมราช,2,ภงด51,208093132.3
2566,นครศรีธรรมราช,2,ภงด53,225248115.3
2566,นครศรีธรรมราช,2,ภงด54,2972752.5
2566,นครศรีธรรมราช,2,ภงด55,318997.23
2566,นครศรีธรรมราช,5,ทป3,45404055.51
2566,นครศรีธรรมราช,5,ป2,576900
2566,นครศรีธรรมราช,5,ภพ30,1636639162
2566,นครศรีธรรมราช,5,ภพ36,35663137.61
2566,นครศรีธรรมราช,6,ทป3,153202.12
2566,นครศรีธรรมราช,6,ป2,16800
2566,นครศรีธรรมราช,6,ภธ40,66060363.76
2566,นครศรีธรรมราช,7,อส10,7530229.6
2566,นครศรีธรรมราช,7,อส10.1,1539799
2566,นครศรีธรรมราช,7,อส4,8627669.1
2566,นครศรีธรรมราช,7,อส4ก,291464
2566,นครศรีธรรมราช,7,อส4ข,3743014.5
2566,นครศรีธรรมราช,7,อส9,5444826
2566,นครศรีธรรมราช,10,รบ1,8
2566,นครศรีธรรมราช,11,ป2,1477357.8
2566,นครศรีธรรมราช,15,รบ1,8452.75
2566,นครสวรรค์,1,ทป3,74576719.67
2566,นครสวรรค์,1,ป2,2304700
2566,นครสวรรค์,1,ภงด1,153107715.8
2566,นครสวรรค์,1,ภงด2,31004006.75
2566,นครสวรรค์,1,ภงด3,90759259.18
2566,นครสวรรค์,1,ภงด90,104883443.8
2566,นครสวรรค์,1,ภงด91,37875673.95
2566,นครสวรรค์,1,ภงด93,63721722.47
2566,นครสวรรค์,1,ภงด94,20805669.57
2566,นครสวรรค์,2,ทป3,7054650.71
2566,นครสวรรค์,2,ป2,1174000
2566,นครสวรรค์,2,ภงด50,265181250.5
2566,นครสวรรค์,2,ภงด51,303983969.7
2566,นครสวรรค์,2,ภงด53,266154901
2566,นครสวรรค์,2,ภงด54,99553.11
2566,นครสวรรค์,2,ภงด55,738951.78
2566,นครสวรรค์,5,ทป3,47516857.86
2566,นครสวรรค์,5,ป2,678500
2566,นครสวรรค์,5,ภพ30,1720417901
2566,นครสวรรค์,5,ภพ36,5858325.59
2566,นครสวรรค์,6,ทป3,4190925.23
2566,นครสวรรค์,6,ป2,50000
2566,นครสวรรค์,6,ภธ40,49836941.14
2566,นครสวรรค์,7,อส10,7422316
2566,นครสวรรค์,7,อส10.1,1426817
2566,นครสวรรค์,7,อส4,4891332.75
2566,นครสวรรค์,7,อส4ก,113796
2566,นครสวรรค์,7,อส4ข,7435160.69
2566,นครสวรรค์,7,อส9,5618108
2566,นครสวรรค์,10,รบ1,5.5
2566,นครสวรรค์,11,ป2,796900
2566,นครสวรรค์,15,รบ1,9810
2566,นครสวรรค์,70,ภม60,12724652.77
2566,นนทบุรี,1,ทป3,611737314.9
2566,นนทบุรี,1,ป2,3757000
2566,นนทบุรี,1,ภงด1,6089531965
2566,นนทบุรี,1,ภงด2,1449069661
2566,นนทบุรี,1,ภงด3,1489399770
2566,นนทบุรี,1,ภงด90,706528253.6
2566,นนทบุรี,1,ภงด91,403039892.1
2566,นนทบุรี,1,ภงด93,32921071.79
2566,นนทบุรี,1,ภงด94,93168382.11
2566,นนทบุรี,2,ทป3,143381672.4
2566,นนทบุรี,2,ป2,10593600
2566,นนทบุรี,2,ภงด50,4904917716
2566,นนทบุรี,2,ภงด51,4010739883
2566,นนทบุรี,2,ภงด53,9050794461
2566,นนทบุรี,2,ภงด54,512100386
2566,นนทบุรี,2,ภงด55,19597854.39
2566,นนทบุรี,5,ทป3,122402719
2566,นนทบุรี,5,ป2,4182300
2566,นนทบุรี,5,ภพ30,16050774652
2566,นนทบุรี,5,ภพ30.2,232588.85
2566,นนทบุรี,5,ภพ36,556865760.9
2566,นนทบุรี,6,ทป3,1178759.65
2566,นนทบุรี,6,ป2,110400
2566,นนทบุรี,6,ภธ40,212948199.5
2566,นนทบุรี,7,ทป3,2583142.11
2566,นนทบุรี,7,อส10,24207025.12
2566,นนทบุรี,7,อส10.1,746424
2566,นนทบุรี,7,อส4,652021681.3
2566,นนทบุรี,7,อส4ก,44847927
2566,นนทบุรี,7,อส4ข,17223610
2566,นนทบุรี,7,อส9,23615420
2566,นนทบุรี,10,รบ1,44.5
2566,นนทบุรี,11,ป2,8833100
2566,นนทบุรี,15,รบ1,1724.87
2566,นนทบุรี,70,ภม60,1922505.04
2566,นราธิวาส,1,ทป3,21135724.08
2566,นราธิวาส,1,ป2,490100
2566,นราธิวาส,1,ภงด1,34443011.32
2566,นราธิวาส,1,ภงด2,39322757.43
2566,นราธิวาส,1,ภงด3,28848307.1
2566,นราธิวาส,1,ภงด90,15792168.74
2566,นราธิวาส,1,ภงด91,24888046.76
2566,นราธิวาส,1,ภงด93,1075738.44
2566,นราธิวาส,1,ภงด94,4061218.17
2566,นราธิวาส,2,ทป3,1746909.56
2566,นราธิวาส,2,ป2,351500
2566,นราธิวาส,2,ภงด50,17210501.86
2566,นราธิวาส,2,ภงด51,18640755.5
2566,นราธิวาส,2,ภงด53,65066991.91
2566,นราธิวาส,2,ภงด55,174880.64
2566,นราธิวาส,5,ทป3,39389414.62
2566,นราธิวาส,5,ป2,121000
2566,นราธิวาส,5,ภพ30,356291325.8
2566,นราธิวาส,5,ภพ36,562708.35
2566,นราธิวาส,6,ทป3,924408.82
2566,นราธิวาส,6,ป2,6100
2566,นราธิวาส,6,ภธ40,24221508.98
2566,นราธิวาส,7,อส10,2433043.9
2566,นราธิวาส,7,อส10.1,349490
2566,นราธิวาส,7,อส4,5540297
2566,นราธิวาส,7,อส4ก,41876.88
2566,นราธิวาส,7,อส4ข,1478621.55
2566,นราธิวาส,7,อส9,203608
2566,นราธิวาส,11,ป2,503800
2566,นราธิวาส,15,รบ1,2590
2566,น่าน,1,ทป3,26905158.94
2566,น่าน,1,ป2,658200
2566,น่าน,1,ภงด1,21992751.36
2566,น่าน,1,ภงด2,7035299.48
2566,น่าน,1,ภงด3,24348387.59
2566,น่าน,1,ภงด90,29489007.01
2566,น่าน,1,ภงด91,16043086.69
2566,น่าน,1,ภงด93,255705
2566,น่าน,1,ภงด94,7185988.6
2566,น่าน,2,ทป3,5117233.88
2566,น่าน,2,ป2,175200
2566,น่าน,2,ภงด50,28858410.27
2566,น่าน,2,ภงด51,20996409.91
2566,น่าน,2,ภงด53,47691405.92
2566,น่าน,2,ภงด54,4076.38
2566,น่าน,2,ภงด55,207846.42
2566,น่าน,5,ทป3,9311705.4
2566,น่าน,5,ป2,290600
2566,น่าน,5,ภพ30,296951017.2
2566,น่าน,5,ภพ36,1820135.1
2566,น่าน,6,ป2,8700
2566,น่าน,6,ภธ40,14562881.25
2566,น่าน,7,อส10,2972684.54
2566,น่าน,7,อส10.1,101389
2566,น่าน,7,อส4,584160.5
2566,น่าน,7,อส4ก,61587
2566,น่าน,7,อส4ข,1273623.07
2566,น่าน,7,อส9,2868530
2566,น่าน,9,รบ1,558
2566,น่าน,10,รบ1,1
2566,น่าน,11,ป2,490100
2566,น่าน,15,รบ1,405
2566,บึงกาฬ,1,ทป3,21505863.18
2566,บึงกาฬ,1,ป2,907600
2566,บึงกาฬ,1,ภงด1,7494987.27
2566,บึงกาฬ,1,ภงด2,1393019.7
2566,บึงกาฬ,1,ภงด3,13880063.81
2566,บึงกาฬ,1,ภงด90,26885804.62
2566,บึงกาฬ,1,ภงด91,9080972.55
2566,บึงกาฬ,1,ภงด93,30168690.64
2566,บึงกาฬ,1,ภงด94,9037681.69
2566,บึงกาฬ,2,ทป3,1159978.01
2566,บึงกาฬ,2,ป2,248400
2566,บึงกาฬ,2,ภงด50,18020300.82
2566,บึงกาฬ,2,ภงด51,11278464.84
2566,บึงกาฬ,2,ภงด53,28855373.37
2566,บึงกาฬ,2,ภงด54,2393.57
2566,บึงกาฬ,2,ภงด55,49295
2566,บึงกาฬ,5,ทป3,8280193.5
2566,บึงกาฬ,5,ป2,315000
2566,บึงกาฬ,5,ภพ30,223616402.7
2566,บึงกาฬ,5,ภพ36,65788.9
2566,บึงกาฬ,6,ทป3,121
2566,บึงกาฬ,6,ป2,12500
2566,บึงกาฬ,6,ภธ40,17671515.44
2566,บึงกาฬ,7,อส10,2048762.22
2566,บึงกาฬ,7,อส10.1,93195
2566,บึงกาฬ,7,อส4,1027544.18
2566,บึงกาฬ,7,อส4ก,23247
2566,บึงกาฬ,7,อส4ข,264478.16
2566,บึงกาฬ,7,อส9,1336464
2566,บึงกาฬ,10,รบ1,2
2566,บึงกาฬ,11,ป2,194500
2566,บุรีรัมย์,1,ทป3,68915853.67
2566,บุรีรัมย์,1,ป2,2585500
2566,บุรีรัมย์,1,ภงด1,123500746.4
2566,บุรีรัมย์,1,ภงด2,74251528.07
2566,บุรีรัมย์,1,ภงด3,83299672.24
2566,บุรีรัมย์,1,ภงด90,81836883.08
2566,บุรีรัมย์,1,ภงด91,48630303.28
2566,บุรีรัมย์,1,ภงด93,21983384.6
2566,บุรีรัมย์,1,ภงด94,23849420.22
2566,บุรีรัมย์,2,ทป3,4937045.94
2566,บุรีรัมย์,2,ป2,1036500
2566,บุรีรัมย์,2,ภงด50,320574589.9
2566,บุรีรัมย์,2,ภงด51,206373092.3
2566,บุรีรัมย์,2,ภงด53,242302640.2
2566,บุรีรัมย์,2,ภงด54,4604525.7
2566,บุรีรัมย์,2,ภงด55,338084.61
2566,บุรีรัมย์,5,ทป3,20606005.05
2566,บุรีรัมย์,5,ป2,852300
2566,บุรีรัมย์,5,ภพ30,1225752360
2566,บุรีรัมย์,5,ภพ36,18350720.09
2566,บุรีรัมย์,6,ทป3,428326.69
2566,บุรีรัมย์,6,ป2,30100
2566,บุรีรัมย์,6,ภธ40,59609444.52
2566,บุรีรัมย์,7,อส10,7972445.52
2566,บุรีรัมย์,7,อส10.1,1136394
2566,บุรีรัมย์,7,อส4,4440865.75
2566,บุรีรัมย์,7,อส4ก,112704
2566,บุรีรัมย์,7,อส4ข,1457611.45
2566,บุรีรัมย์,7,อส9,11462773
2566,บุรีรัมย์,11,ป2,678000
2566,ปทุมธานี,1,ทป3,333476692.3
2566,ปทุมธานี,1,ป2,3672300
2566,ปทุมธานี,1,ภงด1,5164993010
2566,ปทุมธานี,1,ภงด2,1052499189
2566,ปทุมธานี,1,ภงด3,1067891677
2566,ปทุมธานี,1,ภงด90,419936807.7
2566,ปทุมธานี,1,ภงด91,301851727.8
2566,ปทุมธานี,1,ภงด93,13032417.45
2566,ปทุมธานี,1,ภงด94,59087618.18
2566,ปทุมธานี,2,ทป3,240716706.4
2566,ปทุมธานี,2,ป2,9310300
2566,ปทุมธานี,2,ภงด50,6451904704
2566,ปทุมธานี,2,ภงด51,6435350662
2566,ปทุมธานี,2,ภงด53,4108836035
2566,ปทุมธานี,2,ภงด54,3627018813
2566,ปทุมธานี,2,ภงด55,3782804.35
2566,ปทุมธานี,5,ทป3,163158335.5
2566,ปทุมธานี,5,ป2,3269600
2566,ปทุมธานี,5,ภพ30,17975631403
2566,ปทุมธานี,5,ภพ30.2,389978.69
2566,ปทุมธานี,5,ภพ36,2271905950
2566,ปทุมธานี,6,ทป3,1426671.79
2566,ปทุมธานี,6,ป2,74000
2566,ปทุมธานี,6,ภธ40,215210031.4
2566,ปทุมธานี,7,ทป3,56
2566,ปทุมธานี,7,อส10,21015822.4
2566,ปทุมธานี,7,อส10.1,98849
2566,ปทุมธานี,7,อส4,69791881.37
2566,ปทุมธานี,7,อส4ก,1059242.14
2566,ปทุมธานี,7,อส4ข,7447735
2566,ปทุมธานี,7,อส9,46324415
2566,ปทุมธานี,10,รบ1,43.5
2566,ปทุมธานี,11,ป2,9310400
2566,ปทุมธานี,15,รบ1,607.24
2566,ประจวบคีรีขันธ์,1,ทป3,44248973.78
2566,ประจวบคีรีขันธ์,1,ป2,1608800
2566,ประจวบคีรีขันธ์,1,ภงด1,192523274
2566,ประจวบคีรีขันธ์,1,ภงด2,21808670.67
2566,ประจวบคีรีขันธ์,1,ภงด3,92661263.65
2566,ประจวบคีรีขันธ์,1,ภงด90,83364203.21
2566,ประจวบคีรีขันธ์,1,ภงด91,35917135.69
2566,ประจวบคีรีขันธ์,1,ภงด93,390981.29
2566,ประจวบคีรีขันธ์,1,ภงด94,16536144.47
2566,ประจวบคีรีขันธ์,2,ทป3,6286543.64
2566,ประจวบคีรีขันธ์,2,ป2,1179100
2566,ประจวบคีรีขันธ์,2,ภงด50,221512838.1
2566,ประจวบคีรีขันธ์,2,ภงด51,74943925.44
2566,ประจวบคีรีขันธ์,2,ภงด53,202480827.5
2566,ประจวบคีรีขันธ์,2,ภงด54,16491383.6
2566,ประจวบคีรีขันธ์,2,ภงด55,256758.48
2566,ประจวบคีรีขันธ์,5,ทป3,19931588.73
2566,ประจวบคีรีขันธ์,5,ป2,618200
2566,ประจวบคีรีขันธ์,5,ภพ30,1556729409
2566,ประจวบคีรีขันธ์,5,ภพ36,22990083.96
2566,ประจวบคีรีขันธ์,6,ทป3,1127284.54
2566,ประจวบคีรีขันธ์,6,ป2,24200
2566,ประจวบคีรีขันธ์,6,ภธ40,29128394.01
2566,ประจวบคีรีขันธ์,7,ทป3,16437.5
2566,ประจวบคีรีขันธ์,7,อส10,5753109.61
2566,ประจวบคีรีขันธ์,7,อส10.1,56051
2566,ประจวบคีรีขันธ์,7,อส4,4858141.98
2566,ประจวบคีรีขันธ์,7,อส4ก,139653.9
2566,ประจวบคีรีขันธ์,7,อส4ข,570264
2566,ประจวบคีรีขันธ์,7,อส9,3061788
2566,ประจวบคีรีขันธ์,11,ป2,844900
2566,ปราจีนบุรี,1,ทป3,39969661.19
2566,ปราจีนบุรี,1,ป2,1909700
2566,ปราจีนบุรี,1,ภงด1,927706463.9
2566,ปราจีนบุรี,1,ภงด2,200837804.4
2566,ปราจีนบุรี,1,ภงด3,127961765.7
2566,ปราจีนบุรี,1,ภงด90,41989434.49
2566,ปราจีนบุรี,1,ภงด91,61973298.56
2566,ปราจีนบุรี,1,ภงด93,467192.93
2566,ปราจีนบุรี,1,ภงด94,8498880.35
2566,ปราจีนบุรี,2,ทป3,3196845.51
2566,ปราจีนบุรี,2,ป2,889100
2566,ปราจีนบุรี,2,ภงด50,840753257.8
2566,ปราจีนบุรี,2,ภงด51,875080325
2566,ปราจีนบุรี,2,ภงด53,807894544.6
2566,ปราจีนบุรี,2,ภงด54,1303529089
2566,ปราจีนบุรี,2,ภงด55,12401202.07
2566,ปราจีนบุรี,5,ทป3,35175553.96
2566,ปราจีนบุรี,5,ป2,670600
2566,ปราจีนบุรี,5,ภพ30,2301988830
2566,ปราจีนบุรี,5,ภพ36,298103475.3
2566,ปราจีนบุรี,6,ทป3,130234.18
2566,ปราจีนบุรี,6,ป2,7000
2566,ปราจีนบุรี,6,ภธ40,25422175.68
2566,ปราจีนบุรี,7,อส10,4413480.6
2566,ปราจีนบุรี,7,อส10.1,856313
2566,ปราจีนบุรี,7,อส4,3243044.79
2566,ปราจีนบุรี,7,อส4ก,94302.99
2566,ปราจีนบุรี,7,อส4ข,645665.08
2566,ปราจีนบุรี,7,อส9,5357222
2566,ปราจีนบุรี,11,ป2,572100
2566,ปัตตานี,1,ทป3,21743263.93
2566,ปัตตานี,1,ป2,955900
2566,ปัตตานี,1,ภงด1,42965236.18
2566,ปัตตานี,1,ภงด2,36780768.77
2566,ปัตตานี,1,ภงด3,35103331.47
2566,ปัตตานี,1,ภงด90,17226194.29
2566,ปัตตานี,1,ภงด91,26356091.1
2566,ปัตตานี,1,ภงด93,1939067.09
2566,ปัตตานี,1,ภงด94,3517915.89
2566,ปัตตานี,2,ทป3,3125168.02
2566,ปัตตานี,2,ป2,279300
2566,ปัตตานี,2,ภงด50,36810648.07
2566,ปัตตานี,2,ภงด51,23382399.43
2566,ปัตตานี,2,ภงด53,76198640.4
2566,ปัตตานี,2,ภงด55,62627.33
2566,ปัตตานี,5,ทป3,32173575.14
2566,ปัตตานี,5,ป2,206800
2566,ปัตตานี,5,ภพ30,463127195.8
2566,ปัตตานี,5,ภพ36,847400.97
2566,ปัตตานี,6,ทป3,317157.74
2566,ปัตตานี,6,ป2,8500
2566,ปัตตานี,6,ภธ40,22345869.7
2566,ปัตตานี,7,อส10,3191688
2566,ปัตตานี,7,อส10.1,20780
2566,ปัตตานี,7,อส4,4916939
2566,ปัตตานี,7,อส4ก,69882
2566,ปัตตานี,7,อส4ข,1576275.35
2566,ปัตตานี,7,อส9,411488
2566,ปัตตานี,11,ป2,331200
2566,พระนครศรีอยุธยา,1,ทป3,106504661.9
2566,พระนครศรีอยุธยา,1,ป2,2482300
2566,พระนครศรีอยุธยา,1,ภงด1,3645474250
2566,พระนครศรีอยุธยา,1,ภงด2,277567384.7
2566,พระนครศรีอยุธยา,1,ภงด3,268967471.4
2566,พระนครศรีอยุธยา,1,ภงด90,118660986.7
2566,พระนครศรีอยุธยา,1,ภงด91,304821261.4
2566,พระนครศรีอยุธยา,1,ภงด93,1294018.41
2566,พระนครศรีอยุธยา,1,ภงด94,27325974.82
2566,พระนครศรีอยุธยา,2,ทป3,46933731.1
2566,พระนครศรีอยุธยา,2,ป2,2346400
2566,พระนครศรีอยุธยา,2,ภงด50,3248575297
2566,พระนครศรีอยุธยา,2,ภงด51,3169054744
2566,พระนครศรีอยุธยา,2,ภงด53,2518750804
2566,พระนครศรีอยุธยา,2,ภงด54,3976775407
2566,พระนครศรีอยุธยา,2,ภงด55,3152639.73
2566,พระนครศรีอยุธยา,5,ทป3,75329593.89
2566,พระนครศรีอยุธยา,5,ป2,961100
2566,พระนครศรีอยุธยา,5,ภพ30,6994481481
2566,พระนครศรีอยุธยา,5,ภพ30.2,95393.8
2566,พระนครศรีอยุธยา,5,ภพ36,1537481282
2566,พระนครศรีอยุธยา,6,ทป3,1185896.83
2566,พระนครศรีอยุธยา,6,ป2,16300
2566,พระนครศรีอยุธยา,6,ภธ40,73700202.56
2566,พระนครศรีอยุธยา,7,อส10,14759458.89
2566,พระนครศรีอยุธยา,7,อส10.1,120836
2566,พระนครศรีอยุธยา,7,อส4,63253762.92
2566,พระนครศรีอยุธยา,7,อส4ก,280522.53
2566,พระนครศรีอยุธยา,7,อส4ข,15722893
2566,พระนครศรีอยุธยา,7,อส9,21304905
2566,พระนครศรีอยุธยา,9,รบ1,0.5
2566,พระนครศรีอยุธยา,10,รบ1,9
2566,พระนครศรีอยุธยา,11,ป2,2631500
2566,พระนครศรีอยุธยา,15,รบ1,2
2566,พะเยา,1,ทป3,20916990.29
2566,พะเยา,1,ป2,1084500
2566,พะเยา,1,ภงด1,63569282.93
2566,พะเยา,1,ภงด2,11196549.61
2566,พะเยา,1,ภงด3,21078909.94
2566,พะเยา,1,ภงด90,27905701.72
2566,พะเยา,1,ภงด91,17989621.57
2566,พะเยา,1,ภงด93,130407
2566,พะเยา,1,ภงด94,5102668.33
2566,พะเยา,2,ทป3,4519613.81
2566,พะเยา,2,ป2,168700
2566,พะเยา,2,ภงด50,42524214.13
2566,พะเยา,2,ภงด51,28121165.72
2566,พะเยา,2,ภงด53,42151032.91
2566,พะเยา,2,ภงด54,22500
2566,พะเยา,2,ภงด55,185202.33
2566,พะเยา,5,ทป3,19698606.77
2566,พะเยา,5,ป2,275200
2566,พะเยา,5,ภพ30,266258578.4
2566,พะเยา,5,ภพ30.2,16948
2566,พะเยา,5,ภพ36,2002319.82
2566,พะเยา,6,ทป3,162999.3
2566,พะเยา,6,ป2,11500
2566,พะเยา,6,ภธ40,20534626.64
2566,พะเยา,7,อส10,1789248.42
2566,พะเยา,7,อส10.1,935630
2566,พะเยา,7,อส4,1813816.9
2566,พะเยา,7,อส4ก,51714
2566,พะเยา,7,อส4ข,1290066.5
2566,พะเยา,7,อส9,1467079
2566,พะเยา,11,ป2,277400
2566,พะเยา,15,รบ1,91.05
2566,พังงา,1,ทป3,20325459.45
2566,พังงา,1,ป2,820400
2566,พังงา,1,ภงด1,80947751.29
2566,พังงา,1,ภงด2,15142646.88
2566,พังงา,1,ภงด3,32105606.44
2566,พังงา,1,ภงด90,24457677.01
2566,พังงา,1,ภงด91,13750726.05
2566,พังงา,1,ภงด93,1670873.91
2566,พังงา,1,ภงด94,7216623.77
2566,พังงา,2,ทป3,8226778
2566,พังงา,2,ป2,304000
2566,พังงา,2,ภงด50,37360289.51
2566,พังงา,2,ภงด51,38236016.42
2566,พังงา,2,ภงด53,88086443.84
2566,พังงา,2,ภงด54,35449758.85
2566,พังงา,2,ภงด55,170854.61
2566,พังงา,5,ทป3,16697151.44
2566,พังงา,5,ป2,177100
2566,พังงา,5,ภพ30,604014666.3
2566,พังงา,5,ภพ30.2,445381.44
2566,พังงา,5,ภพ36,17972059.66
2566,พังงา,6,ทป3,1280343.2
2566,พังงา,6,ป2,6600
2566,พังงา,6,ภธ40,10022801.21
2566,พังงา,7,อส10,1945257.4
2566,พังงา,7,อส10.1,90838
2566,พังงา,7,อส4,946927
2566,พังงา,7,อส4ก,84654
2566,พังงา,7,อส4ข,390222.04
2566,พังงา,7,อส9,1342459
2566,พังงา,11,ป2,306600
2566,พัทลุง,1,ทป3,29174806.78
2566,พัทลุง,1,ป2,799100
2566,พัทลุง,1,ภงด1,20488864.29
2566,พัทลุง,1,ภงด2,7667044.01
2566,พัทลุง,1,ภงด3,35247599.17
2566,พัทลุง,1,ภงด90,34172589.93
2566,พัทลุง,1,ภงด91,23349516.93
2566,พัทลุง,1,ภงด94,8327688.35
2566,พัทลุง,2,ทป3,3745079.99
2566,พัทลุง,2,ป2,277800
2566,พัทลุง,2,ภงด50,35038327.07
2566,พัทลุง,2,ภงด51,21647163.7
2566,พัทลุง,2,ภงด53,51840620.99
2566,พัทลุง,2,ภงด55,403198.66
2566,พัทลุง,5,ทป3,21272286.01
2566,พัทลุง,5,ป2,231000
2566,พัทลุง,5,ภพ30,383905194.9
2566,พัทลุง,5,ภพ36,876711.5
2566,พัทลุง,6,ทป3,321369.31
2566,พัทลุง,6,ป2,20400
2566,พัทลุง,6,ภธ40,22229018.13
2566,พัทลุง,7,อส10,2771305.52
2566,พัทลุง,7,อส10.1,41182
2566,พัทลุง,7,อส4,4769005.75
2566,พัทลุง,7,อส4ก,58350
2566,พัทลุง,7,อส4ข,773833
2566,พัทลุง,7,อส9,1331469
2566,พัทลุง,10,รบ1,0.5
2566,พัทลุง,11,ป2,901600
2566,พิจิตร,1,ทป3,42462921.31
2566,พิจิตร,1,ป2,1201000
2566,พิจิตร,1,ภงด1,62468322.89
2566,พิจิตร,1,ภงด2,24928798.73
2566,พิจิตร,1,ภงด3,34441999.34
2566,พิจิตร,1,ภงด90,51213498.18
2566,พิจิตร,1,ภงด91,20526277.35
2566,พิจิตร,1,ภงด93,11020
2566,พิจิตร,1,ภงด94,13181725.52
2566,พิจิตร,2,ทป3,2835964.68
2566,พิจิตร,2,ป2,579500
2566,พิจิตร,2,ภงด50,100362569.8
2566,พิจิตร,2,ภงด51,59263474.48
2566,พิจิตร,2,ภงด53,116919473.2
2566,พิจิตร,2,ภงด54,1586803.01
2566,พิจิตร,2,ภงด55,230772.55
2566,พิจิตร,5,ทป3,21517524.28
2566,พิจิตร,5,ป2,243900
2566,พิจิตร,5,ภพ30,353082159
2566,พิจิตร,5,ภพ36,5945704.41
2566,พิจิตร,6,ทป3,808.72
2566,พิจิตร,6,ป2,9100
2566,พิจิตร,6,ภธ40,17688259.37
2566,พิจิตร,7,อส10,4206259.5
2566,พิจิตร,7,อส10.1,288374
2566,พิจิตร,7,อส4,1363256.5
2566,พิจิตร,7,อส4ก,45079.8
2566,พิจิตร,7,อส4ข,902532.21
2566,พิจิตร,7,อส9,3160572
2566,พิจิตร,9,รบ1,70
2566,พิจิตร,10,รบ1,1
2566,พิจิตร,11,ป2,385600
2566,พิจิตร,15,รบ1,4416
2566,พิษณุโลก,1,ทป3,82910883.77
2566,พิษณุโลก,1,ป2,1931000
2566,พิษณุโลก,1,ภงด1,225848349.7
2566,พิษณุโลก,1,ภงด2,53912810.01
2566,พิษณุโลก,1,ภงด3,91909338.8
2566,พิษณุโลก,1,ภงด90,124876149
2566,พิษณุโลก,1,ภงด91,49444539.24
2566,พิษณุโลก,1,ภงด93,24512440.01
2566,พิษณุโลก,1,ภงด94,23146526.18
2566,พิษณุโลก,2,ทป3,18347725.68
2566,พิษณุโลก,2,ป2,1011100
2566,พิษณุโลก,2,ภงด50,175909249.5
2566,พิษณุโลก,2,ภงด51,121849012.4
2566,พิษณุโลก,2,ภงด53,197841386
2566,พิษณุโลก,2,ภงด54,1105610.98
2566,พิษณุโลก,2,ภงด55,685825.03
2566,พิษณุโลก,5,ทป3,38977047.78
2566,พิษณุโลก,5,ป2,699000
2566,พิษณุโลก,5,ภพ30,1129624370
2566,พิษณุโลก,5,ภพ36,31445130.78
2566,พิษณุโลก,6,ทป3,1365034.94
2566,พิษณุโลก,6,ป2,28300
2566,พิษณุโลก,6,ภธ40,53546122.88
2566,พิษณุโลก,7,อส10,8752130.3
2566,พิษณุโลก,7,อส10.1,1411170
2566,พิษณุโลก,7,อส4,3996914.94
2566,พิษณุโลก,7,อส4ก,138579.9
2566,พิษณุโลก,7,อส4ข,13409505.94
2566,พิษณุโลก,7,อส9,6359536
2566,พิษณุโลก,10,รบ1,0.5
2566,พิษณุโลก,11,ป2,660900
2566,พิษณุโลก,15,รบ1,1192
2566,เพชรบุรี,1,ทป3,38490248.4
2566,เพชรบุรี,1,ป2,1049800
2566,เพชรบุรี,1,ภงด1,201030633.1
2566,เพชรบุรี,1,ภงด2,45642157.62
2566,เพชรบุรี,1,ภงด3,55478423.98
2566,เพชรบุรี,1,ภงด90,63915159.78
2566,เพชรบุรี,1,ภงด91,33193577.74
2566,เพชรบุรี,1,ภงด93,38764.9
2566,เพชรบุรี,1,ภงด94,22272359.05
2566,เพชรบุรี,2,ทป3,6638181.05
2566,เพชรบุรี,2,ป2,905500
2566,เพชรบุรี,2,ภงด50,163214164.7
2566,เพชรบุรี,2,ภงด51,107909984.7
2566,เพชรบุรี,2,ภงด53,208918809.3
2566,เพชรบุรี,2,ภงด54,47940128.21
2566,เพชรบุรี,2,ภงด55,212336.28
2566,เพชรบุรี,5,ทป3,14075170.89
2566,เพชรบุรี,5,ป2,380900
2566,เพชรบุรี,5,ภพ30,796400934.8
2566,เพชรบุรี,5,ภพ36,36480108.95
2566,เพชรบุรี,6,ทป3,130011.42
2566,เพชรบุรี,6,ป2,8000
2566,เพชรบุรี,6,ภธ40,24564077.97
2566,เพชรบุรี,7,อส10,5277735.53
2566,เพชรบุรี,7,อส10.1,193471
2566,เพชรบุรี,7,อส4,5102818.58
2566,เพชรบุรี,7,อส4ก,95838
2566,เพชรบุรี,7,อส4ข,1183942.12
2566,เพชรบุรี,7,อส9,1944018
2566,เพชรบุรี,10,รบ1,1
2566,เพชรบุรี,11,ป2,932700
2566,เพชรบูรณ์,1,ทป3,43320694.7
2566,เพชรบูรณ์,1,ป2,1574300
2566,เพชรบูรณ์,1,ภงด1,50128844.73
2566,เพชรบูรณ์,1,ภงด2,27510978.04
2566,เพชรบูรณ์,1,ภงด3,52945084.36
2566,เพชรบูรณ์,1,ภงด90,59665029.51
2566,เพชรบูรณ์,1,ภงด91,29431008.04
2566,เพชรบูรณ์,1,ภงด93,54852470.17
2566,เพชรบูรณ์,1,ภงด94,16474928.73
2566,เพชรบูรณ์,2,ทป3,8020812.27
2566,เพชรบูรณ์,2,ป2,692000
2566,เพชรบูรณ์,2,ภงด50,124108105.3
2566,เพชรบูรณ์,2,ภงด51,72024347.5
2566,เพชรบูรณ์,2,ภงด53,92903633.19
2566,เพชรบูรณ์,2,ภงด54,150464.15
2566,เพชรบูรณ์,2,ภงด55,593920.47
2566,เพชรบูรณ์,5,ทป3,22847770.51
2566,เพชรบูรณ์,5,ป2,396400
2566,เพชรบูรณ์,5,ภพ30,611153235.9
2566,เพชรบูรณ์,5,ภพ36,2962843.25
2566,เพชรบูรณ์,6,ทป3,1031899.54
2566,เพชรบูรณ์,6,ป2,8100
2566,เพชรบูรณ์,6,ภธ40,30905810.11
2566,เพชรบูรณ์,7,อส10,6885437.13
2566,เพชรบูรณ์,7,อส10.1,112361
2566,เพชรบูรณ์,7,อส4,3217236.2
2566,เพชรบูรณ์,7,อส4ก,74121
2566,เพชรบูรณ์,7,อส4ข,2340025.58
2566,เพชรบูรณ์,7,อส9,3808911
2566,เพชรบูรณ์,10,รบ1,1.5
2566,เพชรบูรณ์,11,ป2,684600
2566,เพชรบูรณ์,15,รบ1,1
2566,แพร่,1,ทป3,23315755.96
2566,แพร่,1,ป2,819800
2566,แพร่,1,ภงด1,51288891.58
2566,แพร่,1,ภงด2,18312286.6
2566,แพร่,1,ภงด3,30735824.25
2566,แพร่,1,ภงด90,29537717.15
2566,แพร่,1,ภงด91,13936557.34
2566,แพร่,1,ภงด93,194271.06
2566,แพร่,1,ภงด94,6557798.17
2566,แพร่,2,ทป3,4174850.22
2566,แพร่,2,ป2,646200
2566,แพร่,2,ภงด50,47208475.96
2566,แพร่,2,ภงด51,34345785.16
2566,แพร่,2,ภงด53,65249431.46
2566,แพร่,2,ภงด54,326.47
2566,แพร่,2,ภงด55,162649.44
2566,แพร่,5,ทป3,8752230.09
2566,แพร่,5,ป2,213800
2566,แพร่,5,ภพ30,463526788.7
2566,แพร่,5,ภพ36,3616925.4
2566,แพร่,6,ทป3,1161315.71
2566,แพร่,6,ป2,9400
2566,แพร่,6,ภธ40,20772508.1
2566,แพร่,7,อส10,2500731
2566,แพร่,7,อส10.1,208409
2566,แพร่,7,อส4,1121745
2566,แพร่,7,อส4ก,38127
2566,แพร่,7,อส4ข,852198.2
2566,แพร่,7,อส9,4830193
2566,แพร่,11,ป2,333000
2566,ภูเก็ต,1,ทป3,146917361.8
2566,ภูเก็ต,1,ป2,2625500
2566,ภูเก็ต,1,ภงด1,1231175184
2566,ภูเก็ต,1,ภงด2,145345014.5
2566,ภูเก็ต,1,ภงด3,370213665.4
2566,ภูเก็ต,1,ภงด90,161936739.9
2566,ภูเก็ต,1,ภงด91,53842178.67
2566,ภูเก็ต,1,ภงด93,12915284.28
2566,ภูเก็ต,1,ภงด94,40657027.69
2566,ภูเก็ต,2,ทป3,112612118.1
2566,ภูเก็ต,2,ป2,3351400
2566,ภูเก็ต,2,ภงด50,697551224.9
2566,ภูเก็ต,2,ภงด51,748129021.6
2566,ภูเก็ต,2,ภงด52,9643921.28
2566,ภูเก็ต,2,ภงด53,1149060247
2566,ภูเก็ต,2,ภงด54,161452082.9
2566,ภูเก็ต,2,ภงด55,1332054.55
2566,ภูเก็ต,5,ทป3,86868773.13
2566,ภูเก็ต,5,ป2,1232600
2566,ภูเก็ต,5,ภพ30,5492914307
2566,ภูเก็ต,5,ภพ30.2,5850.52
2566,ภูเก็ต,5,ภพ36,247385593.1
2566,ภูเก็ต,6,ทป3,5421321.54
2566,ภูเก็ต,6,ป2,93400
2566,ภูเก็ต,6,ภธ40,81610547.65
2566,ภูเก็ต,7,ทป3,101087.23
2566,ภูเก็ต,7,อส10,11501678
2566,ภูเก็ต,7,อส10.1,232247
2566,ภูเก็ต,7,อส4,32547302.05
2566,ภูเก็ต,7,อส4ก,794222
2566,ภูเก็ต,7,อส4ข,3601357.25
2566,ภูเก็ต,7,อส9,6767725
2566,ภูเก็ต,9,รบ1,0.5
2566,ภูเก็ต,10,รบ1,1.5
2566,ภูเก็ต,11,ป2,2890500
2566,ภูเก็ต,15,รบ1,4
2566,มหาสารคาม,1,ทป3,45291614.08
2566,มหาสารคาม,1,ป2,1763900
2566,มหาสารคาม,1,ภงด1,76720757.73
2566,มหาสารคาม,1,ภงด2,11471446.28
2566,มหาสารคาม,1,ภงด3,43696535.73
2566,มหาสารคาม,1,ภงด90,51570730.79
2566,มหาสารคาม,1,ภงด91,35441699.61
2566,มหาสารคาม,1,ภงด93,5349026.83
2566,มหาสารคาม,1,ภงด94,15019035.73
2566,มหาสารคาม,2,ทป3,5069507.46
2566,มหาสารคาม,2,ป2,511800
2566,มหาสารคาม,2,ภงด50,70545128.35
2566,มหาสารคาม,2,ภงด51,53750977.35
2566,มหาสารคาม,2,ภงด53,68355615.47
2566,มหาสารคาม,2,ภงด54,89820.93
2566,มหาสารคาม,2,ภงด55,445938.78
2566,มหาสารคาม,5,ทป3,9235284.09
2566,มหาสารคาม,5,ป2,579400
2566,มหาสารคาม,5,ภพ30,622469658.4
2566,มหาสารคาม,5,ภพ36,1712180.33
2566,มหาสารคาม,6,ทป3,190645.99
2566,มหาสารคาม,6,ป2,23800
2566,มหาสารคาม,6,ภธ40,41249459.55
2566,มหาสารคาม,7,อส10,4990165
2566,มหาสารคาม,7,อส10.1,1303100
2566,มหาสารคาม,7,อส4,3335299
2566,มหาสารคาม,7,อส4ก,63438
2566,มหาสารคาม,7,อส4ข,1418590.5
2566,มหาสารคาม,7,อส9,3787463
2566,มหาสารคาม,10,รบ1,0.5
2566,มหาสารคาม,11,ป2,631700
2566,มุกดาหาร,1,ทป3,17791071.46
2566,มุกดาหาร,1,ป2,656800
2566,มุกดาหาร,1,ภงด1,21799514.82
2566,มุกดาหาร,1,ภงด2,43540282.33
2566,มุกดาหาร,1,ภงด3,17794808.48
2566,มุกดาหาร,1,ภงด90,22930129.79
2566,มุกดาหาร,1,ภงด91,13196251.77
2566,มุกดาหาร,1,ภงด93,11894330.56
2566,มุกดาหาร,1,ภงด94,6112034.26
2566,มุกดาหาร,2,ทป3,8113379.8
2566,มุกดาหาร,2,ป2,484800
2566,มุกดาหาร,2,ภงด50,120950842.2
2566,มุกดาหาร,2,ภงด51,112482144.6
2566,มุกดาหาร,2,ภงด53,41423165.73
2566,มุกดาหาร,2,ภงด54,501516.55
2566,มุกดาหาร,2,ภงด55,43478.08
2566,มุกดาหาร,5,ทป3,10822482.55
2566,มุกดาหาร,5,ป2,234800
2566,มุกดาหาร,5,ภพ30,319756492
2566,มุกดาหาร,5,ภพ36,286606.12
2566,มุกดาหาร,6,ทป3,167608.65
2566,มุกดาหาร,6,ป2,37700
2566,มุกดาหาร,6,ภธ40,19011976.43
2566,มุกดาหาร,7,อส10,2767497.3
2566,มุกดาหาร,7,อส10.1,61680
2566,มุกดาหาร,7,อส4,855921.2
2566,มุกดาหาร,7,อส4ก,35850
2566,มุกดาหาร,7,อส4ข,2447684
2566,มุกดาหาร,7,อส9,2101655
2566,มุกดาหาร,10,รบ1,0.5
2566,มุกดาหาร,11,ป2,331900
2566,มุกดาหาร,15,รบ1,30.67
2566,แม่ฮ่องสอน,1,ทป3,12222556.05
2566,แม่ฮ่องสอน,1,ป2,393200
2566,แม่ฮ่องสอน,1,ภงด1,11202026.13
2566,แม่ฮ่องสอน,1,ภงด2,3105604.53
2566,แม่ฮ่องสอน,1,ภงด3,11082757.62
2566,แม่ฮ่องสอน,1,ภงด90,11926300.78
2566,แม่ฮ่องสอน,1,ภงด91,6972625.17
2566,แม่ฮ่องสอน,1,ภงด93,3410990
2566,แม่ฮ่องสอน,1,ภงด94,4056391.72
2566,แม่ฮ่องสอน,2,ทป3,836433.87
2566,แม่ฮ่องสอน,2,ป2,67800
2566,แม่ฮ่องสอน,2,ภงด50,7954846.64
2566,แม่ฮ่องสอน,2,ภงด51,3825186.74
2566,แม่ฮ่องสอน,2,ภงด53,13137381.18
2566,แม่ฮ่องสอน,2,ภงด55,77249.67
2566,แม่ฮ่องสอน,5,ทป3,3818185.43
2566,แม่ฮ่องสอน,5,ป2,66300
2566,แม่ฮ่องสอน,5,ภพ30,76751056.03
2566,แม่ฮ่องสอน,5,ภพ36,131070
2566,แม่ฮ่องสอน,6,ป2,500
2566,แม่ฮ่องสอน,6,ภธ40,11549485.05
2566,แม่ฮ่องสอน,7,อส10,1460035.5
2566,แม่ฮ่องสอน,7,อส10.1,23361
2566,แม่ฮ่องสอน,7,อส4,924765
2566,แม่ฮ่องสอน,7,อส4ก,9597
2566,แม่ฮ่องสอน,7,อส4ข,129752.22
2566,แม่ฮ่องสอน,7,อส9,636653
2566,แม่ฮ่องสอน,11,ป2,125000
2566,ยโสธร,1,ทป3,21513626.86
2566,ยโสธร,1,ป2,747800
2566,ยโสธร,1,ภงด1,17410701.63
2566,ยโสธร,1,ภงด2,9836822.35
2566,ยโสธร,1,ภงด3,18225655.35
2566,ยโสธร,1,ภงด90,24362016.25
2566,ยโสธร,1,ภงด91,19536676.81
2566,ยโสธร,1,ภงด93,1354660.88
2566,ยโสธร,1,ภงด94,5863515.85
2566,ยโสธร,2,ทป3,2603406.11
2566,ยโสธร,2,ป2,376600
2566,ยโสธร,2,ภงด50,51340415.16
2566,ยโสธร,2,ภงด51,37000155.07
2566,ยโสธร,2,ภงด53,34509692.96
2566,ยโสธร,2,ภงด54,3990
2566,ยโสธร,2,ภงด55,135773.8
2566,ยโสธร,5,ทป3,2453397.98
2566,ยโสธร,5,ป2,367100
2566,ยโสธร,5,ภพ30,330974196.1
2566,ยโสธร,5,ภพ36,1775231.38
2566,ยโสธร,6,ทป3,1945210.87
2566,ยโสธร,6,ป2,14700
2566,ยโสธร,6,ภธ40,25540214.81
2566,ยโสธร,7,อส10,2850315.8
2566,ยโสธร,7,อส10.1,535570
2566,ยโสธร,7,อส4,1242000.46
2566,ยโสธร,7,อส4ก,62931
2566,ยโสธร,7,อส4ข,730752.11
2566,ยโสธร,7,อส9,5665851
2566,ยโสธร,10,รบ1,0.5
2566,ยโสธร,11,ป2,406200
2566,ยโสธร,15,รบ1,0.5
2566,ยะลา,1,ทป3,24705798.91
2566,ยะลา,1,ป2,604300
2566,ยะลา,1,ภงด1,33156195.86
2566,ยะลา,1,ภงด2,7585638.09
2566,ยะลา,1,ภงด3,28610965.21
2566,ยะลา,1,ภงด90,18909526.3
2566,ยะลา,1,ภงด91,21753020.07
2566,ยะลา,1,ภงด93,2477593.92
2566,ยะลา,1,ภงด94,3751049.79
2566,ยะลา,2,ทป3,2292345.42
2566,ยะลา,2,ป2,379800
2566,ยะลา,2,ภงด50,17181397.02
2566,ยะลา,2,ภงด51,12351821.09
2566,ยะลา,2,ภงด52,13680
2566,ยะลา,2,ภงด53,61896577.65
2566,ยะลา,2,ภงด54,2375483.54
2566,ยะลา,2,ภงด55,97395.4
2566,ยะลา,5,ทป3,20660357.65
2566,ยะลา,5,ป2,165900
2566,ยะลา,5,ภพ30,420491594.7
2566,ยะลา,5,ภพ36,901049.23
2566,ยะลา,6,ทป3,1973341.9
2566,ยะลา,6,ป2,5000
2566,ยะลา,6,ภธ40,27904846.72
2566,ยะลา,7,อส10,2732528.8
2566,ยะลา,7,อส4,5050456
2566,ยะลา,7,อส4ก,43468
2566,ยะลา,7,อส4ข,1594592.9
2566,ยะลา,7,อส9,422981
2566,ยะลา,10,รบ1,0.5
2566,ยะลา,11,ป2,425200
2566,ร้อยเอ็ด,1,ทป3,60065588.51
2566,ร้อยเอ็ด,1,ป2,1943700
2566,ร้อยเอ็ด,1,ภงด1,86986616.62
2566,ร้อยเอ็ด,1,ภงด2,84171911.21
2566,ร้อยเอ็ด,1,ภงด3,63889747.94
2566,ร้อยเอ็ด,1,ภงด90,57770452.01
2566,ร้อยเอ็ด,1,ภงด91,45383216.49
2566,ร้อยเอ็ด,1,ภงด93,276036.34
2566,ร้อยเอ็ด,1,ภงด94,16372574.62
2566,ร้อยเอ็ด,2,ทป3,7703560.15
2566,ร้อยเอ็ด,2,ป2,785800
2566,ร้อยเอ็ด,2,ภงด50,436032877.2
2566,ร้อยเอ็ด,2,ภงด51,420178137.8
2566,ร้อยเอ็ด,2,ภงด53,124716971.8
2566,ร้อยเอ็ด,2,ภงด54,6321763.1
2566,ร้อยเอ็ด,2,ภงด55,680504.64
2566,ร้อยเอ็ด,5,ทป3,35243177.46
2566,ร้อยเอ็ด,5,ป2,749800
2566,ร้อยเอ็ด,5,ภพ30,1461026562
2566,ร้อยเอ็ด,5,ภพ36,3737386
2566,ร้อยเอ็ด,6,ทป3,18915.69
2566,ร้อยเอ็ด,6,ป2,18100
2566,ร้อยเอ็ด,6,ภธ40,54619133.46
2566,ร้อยเอ็ด,7,อส10,7090713.1
2566,ร้อยเอ็ด,7,อส10.1,833435
2566,ร้อยเอ็ด,7,อส4,5760224.5
2566,ร้อยเอ็ด,7,อส4ก,114588.05
2566,ร้อยเอ็ด,7,อส4ข,4429995.2
2566,ร้อยเอ็ด,7,อส9,2265212
2566,ร้อยเอ็ด,10,รบ1,2.5
2566,ร้อยเอ็ด,11,ป2,1413300
2566,ร้อยเอ็ด,15,รบ1,2.5
2566,ระนอง,1,ทป3,32204915.24
2566,ระนอง,1,ป2,255200
2566,ระนอง,1,ภงด1,10764730.87
2566,ระนอง,1,ภงด2,14179548.86
2566,ระนอง,1,ภงด3,13730555.9
2566,ระนอง,1,ภงด90,28222851.88
2566,ระนอง,1,ภงด91,8271339.04
2566,ระนอง,1,ภงด93,18110566.5
2566,ระนอง,1,ภงด94,10872986.42
2566,ระนอง,2,ทป3,5301166.79
2566,ระนอง,2,ป2,634900
2566,ระนอง,2,ภงด50,41105598.32
2566,ระนอง,2,ภงด51,32005536.74
2566,ระนอง,2,ภงด53,23926560.69
2566,ระนอง,2,ภงด55,102220.03
2566,ระนอง,5,ทป3,9810851.25
2566,ระนอง,5,ป2,104700
2566,ระนอง,5,ภพ30,228313427.2
2566,ระนอง,5,ภพ36,346456.44
2566,ระนอง,6,ทป3,383325.6
2566,ระนอง,6,ป2,10000
2566,ระนอง,6,ภธ40,5970536.16
2566,ระนอง,7,อส10,1981225
2566,ระนอง,7,อส10.1,344017
2566,ระนอง,7,อส4,1941327.5
2566,ระนอง,7,อส4ก,75134
2566,ระนอง,7,อส4ข,317705
2566,ระนอง,7,อส9,74410
2566,ระนอง,11,ป2,590800
2566,ระนอง,15,รบ1,365
2566,ระยอง,1,ทป3,207959136
2566,ระยอง,1,ป2,2876800
2566,ระยอง,1,ภงด1,7247800123
2566,ระยอง,1,ภงด2,246906961.1
2566,ระยอง,1,ภงด3,496198544.8
2566,ระยอง,1,ภงด90,183809512
2566,ระยอง,1,ภงด91,610459851.4
2566,ระยอง,1,ภงด93,6069602.41
2566,ระยอง,1,ภงด94,45722127.92
2566,ระยอง,2,ทป3,48968785.24
2566,ระยอง,2,ป2,4999400
2566,ระยอง,2,ภงด50,9227818339
2566,ระยอง,2,ภงด51,7715809620
2566,ระยอง,2,ภงด52,5679460.29
2566,ระยอง,2,ภงด53,5115431485
2566,ระยอง,2,ภงด54,9536883742
2566,ระยอง,2,ภงด55,567617.3
2566,ระยอง,5,ทป3,175203858.9
2566,ระยอง,5,ป2,1730500
2566,ระยอง,5,ภพ30,12496905732
2566,ระยอง,5,ภพ30.2,922.94
2566,ระยอง,5,ภพ36,3240200606
2566,ระยอง,6,ทป3,147121
2566,ระยอง,6,ป2,53400
2566,ระยอง,6,ภธ40,105746407.5
2566,ระยอง,7,ทป3,259
2566,ระยอง,7,อส10,22319777
2566,ระยอง,7,อส10.1,446910
2566,ระยอง,7,อส4,27320396
2566,ระยอง,7,อส4ก,363076
2566,ระยอง,7,อส4ข,9899514.25
2566,ระยอง,7,อส9,68566962
2566,ระยอง,10,รบ1,0.5
2566,ระยอง,11,ป2,2100700
2566,ระยอง,15,รบ1,414.34
2566,ราชบุรี,1,ทป3,81531191.34
2566,ราชบุรี,1,ป2,1570100
2566,ราชบุรี,1,ภงด1,280808995.2
2566,ราชบุรี,1,ภงด2,91488223.26
2566,ราชบุรี,1,ภงด3,125840956.7
2566,ราชบุรี,1,ภงด90,122560258.8
2566,ราชบุรี,1,ภงด91,56606389.99
2566,ราชบุรี,1,ภงด93,16338171.99
2566,ราชบุรี,1,ภงด94,31380370.48
2566,ราชบุรี,2,ทป3,12260944.57
2566,ราชบุรี,2,ป2,2485800
2566,ราชบุรี,2,ภงด50,513342942.3
2566,ราชบุรี,2,ภงด51,328212099.5
2566,ราชบุรี,2,ภงด53,321078439.8
2566,ราชบุรี,2,ภงด54,61693127.78
2566,ราชบุรี,2,ภงด55,255857.84
2566,ราชบุรี,5,ทป3,76291051.98
2566,ราชบุรี,5,ป2,690800
2566,ราชบุรี,5,ภพ30,2072840375
2566,ราชบุรี,5,ภพ30.2,510897.46
2566,ราชบุรี,5,ภพ36,60649823.78
2566,ราชบุรี,6,ทป3,192.42
2566,ราชบุรี,6,ป2,30300
2566,ราชบุรี,6,ภธ40,50973756.38
2566,ราชบุรี,7,อส10,8848561.16
2566,ราชบุรี,7,อส10.1,314021
2566,ราชบุรี,7,อส4,7287019.98
2566,ราชบุรี,7,อส4ก,114463
2566,ราชบุรี,7,อส4ข,1076565.45
2566,ราชบุรี,7,อส9,7429656
2566,ราชบุรี,10,รบ1,4
2566,ราชบุรี,11,ป2,1144000
2566,ลพบุรี,1,ทป3,51522007.06
2566,ลพบุรี,1,ป2,1063200
2566,ลพบุรี,1,ภงด1,78771976.06
2566,ลพบุรี,1,ภงด2,35963867.34
2566,ลพบุรี,1,ภงด3,69101728.26
2566,ลพบุรี,1,ภงด90,73699092.34
2566,ลพบุรี,1,ภงด91,35597446.49
2566,ลพบุรี,1,ภงด93,22229828.35
2566,ลพบุรี,1,ภงด94,16626456.38
2566,ลพบุรี,2,ทป3,6207347.72
2566,ลพบุรี,2,ป2,983700
2566,ลพบุรี,2,ภงด50,199043309.7
2566,ลพบุรี,2,ภงด51,148291393.9
2566,ลพบุรี,2,ภงด53,136621119.8
2566,ลพบุรี,2,ภงด54,49786574.26
2566,ลพบุรี,2,ภงด55,669146.49
2566,ลพบุรี,5,ทป3,20247862.25
2566,ลพบุรี,5,ป2,398900
2566,ลพบุรี,5,ภพ30,988256408.1
2566,ลพบุรี,5,ภพ36,79093832.05
2566,ลพบุรี,6,ทป3,188206.8
2566,ลพบุรี,6,ป2,88000
2566,ลพบุรี,6,ภธ40,37385726.55
2566,ลพบุรี,7,อส10,5736961
2566,ลพบุรี,7,อส10.1,157298
2566,ลพบุรี,7,อส4,6547147.3
2566,ลพบุรี,7,อส4ก,116937
2566,ลพบุรี,7,อส4ข,1083199
2566,ลพบุรี,7,อส9,958524
2566,ลพบุรี,10,รบ1,6
2566,ลพบุรี,11,ป2,1174400
2566,ลำปาง,1,ทป3,57242722.02
2566,ลำปาง,1,ป2,2013700
2566,ลำปาง,1,ภงด1,122725935.9
2566,ลำปาง,1,ภงด2,41930190.53
2566,ลำปาง,1,ภงด3,57158958.05
2566,ลำปาง,1,ภงด90,60542702.37
2566,ลำปาง,1,ภงด91,36759275.55
2566,ลำปาง,1,ภงด93,2291539.36
2566,ลำปาง,1,ภงด94,17812081.24
2566,ลำปาง,2,ทป3,18469869.17
2566,ลำปาง,2,ป2,896000
2566,ลำปาง,2,ภงด50,117181886.8
2566,ลำปาง,2,ภงด51,68339849.08
2566,ลำปาง,2,ภงด53,211421438.9
2566,ลำปาง,2,ภงด54,22828.45
2566,ลำปาง,2,ภงด55,470706.41
2566,ลำปาง,5,ทป3,49905849.51
2566,ลำปาง,5,ป2,566200
2566,ลำปาง,5,ภพ30,1071338633
2566,ลำปาง,5,ภพ36,4228769.47
2566,ลำปาง,6,ทป3,777446.18
2566,ลำปาง,6,ป2,83500
2566,ลำปาง,6,ภธ40,30155264.83
2566,ลำปาง,7,อส10,5904777
2566,ลำปาง,7,อส10.1,455650
2566,ลำปาง,7,อส4,5091273.1
2566,ลำปาง,7,อส4ก,118166
2566,ลำปาง,7,อส4ข,1944643.4
2566,ลำปาง,7,อส9,5666308
2566,ลำปาง,9,รบ1,530
2566,ลำปาง,10,รบ1,1
2566,ลำปาง,11,ป2,995800
2566,ลำพูน,1,ทป3,33344530.9
2566,ลำพูน,1,ป2,838800
2566,ลำพูน,1,ภงด1,345834345
2566,ลำพูน,1,ภงด2,23528889.59
2566,ลำพูน,1,ภงด3,61433075.47
2566,ลำพูน,1,ภงด90,35765586.75
2566,ลำพูน,1,ภงด91,27620190.37
2566,ลำพูน,1,ภงด93,161443.38
2566,ลำพูน,1,ภงด94,9006008.89
2566,ลำพูน,2,ทป3,17765983.69
2566,ลำพูน,2,ป2,594800
2566,ลำพูน,2,ภงด50,507438362.9
2566,ลำพูน,2,ภงด51,526335531.2
2566,ลำพูน,2,ภงด53,251132754.5
2566,ลำพูน,2,ภงด54,459205039.1
2566,ลำพูน,2,ภงด55,286422.59
2566,ลำพูน,5,ทป3,23676182.63
2566,ลำพูน,5,ป2,270700
2566,ลำพูน,5,ภพ30,733366175.3
2566,ลำพูน,5,ภพ36,299261146.9
2566,ลำพูน,6,ทป3,1118642.47
2566,ลำพูน,6,ป2,47200
2566,ลำพูน,6,ภธ40,20363375.89
2566,ลำพูน,7,ทป3,7875
2566,ลำพูน,7,อส10,3696285.45
2566,ลำพูน,7,อส10.1,662201
2566,ลำพูน,7,อส4,6386274
2566,ลำพูน,7,อส4ก,46957.8
2566,ลำพูน,7,อส4ข,1876016
2566,ลำพูน,7,อส9,2370568
2566,ลำพูน,10,รบ1,3.5
2566,ลำพูน,11,ป2,725100
2566,ลำพูน,15,รบ1,420
2566,เลย,1,ทป3,38128029.65
2566,เลย,1,ป2,1384400
2566,เลย,1,ภงด1,34518716.06
2566,เลย,1,ภงด2,14258015.31
2566,เลย,1,ภงด3,56904432.34
2566,เลย,1,ภงด90,42051302.67
2566,เลย,1,ภงด91,22862444.81
2566,เลย,1,ภงด93,52964567.01
2566,เลย,1,ภงด94,12517088.9
2566,เลย,2,ทป3,17420173.44
2566,เลย,2,ป2,672300
2566,เลย,2,ภงด50,72077023.12
2566,เลย,2,ภงด51,52167658.7
2566,เลย,2,ภงด53,86267685.3
2566,เลย,2,ภงด55,359839.29
2566,เลย,5,ทป3,9518822.79
2566,เลย,5,ป2,432900
2566,เลย,5,ภพ30,606198941.2
2566,เลย,5,ภพ36,1822900.22
2566,เลย,6,ทป3,157637.63
2566,เลย,6,ป2,17900
2566,เลย,6,ภธ40,26472579.21
2566,เลย,7,อส10,3864286
2566,เลย,7,อส10.1,259379
2566,เลย,7,อส4,2787151
2566,เลย,7,อส4ก,76191
2566,เลย,7,อส4ข,952482.71
2566,เลย,7,อส9,4215233
2566,เลย,11,ป2,359600
2566,ศรีสะเกษ,1,ทป3,54309968.44
2566,ศรีสะเกษ,1,ป2,1992800
2566,ศรีสะเกษ,1,ภงด1,42491665.32
2566,ศรีสะเกษ,1,ภงด2,30226552.94
2566,ศรีสะเกษ,1,ภงด3,54475776.35
2566,ศรีสะเกษ,1,ภงด90,59503148.05
2566,ศรีสะเกษ,1,ภงด91,46142348.14
2566,ศรีสะเกษ,1,ภงด93,216106.77
2566,ศรีสะเกษ,1,ภงด94,20107093.89
2566,ศรีสะเกษ,2,ทป3,2217627.02
2566,ศรีสะเกษ,2,ป2,602600
2566,ศรีสะเกษ,2,ภงด50,82754247.53
2566,ศรีสะเกษ,2,ภงด51,57528193.71
2566,ศรีสะเกษ,2,ภงด53,134000239.7
2566,ศรีสะเกษ,2,ภงด54,14341.81
2566,ศรีสะเกษ,2,ภงด55,556783.32
2566,ศรีสะเกษ,5,ทป3,13897633.19
2566,ศรีสะเกษ,5,ป2,669800
2566,ศรีสะเกษ,5,ภพ30,675552203.3
2566,ศรีสะเกษ,5,ภพ36,4135790.45
2566,ศรีสะเกษ,6,ป2,34900
2566,ศรีสะเกษ,6,ภธ40,50913363.32
2566,ศรีสะเกษ,7,อส10,6497555.99
2566,ศรีสะเกษ,7,อส10.1,301633
2566,ศรีสะเกษ,7,อส4,2191641.65
2566,ศรีสะเกษ,7,อส4ก,93830.7
2566,ศรีสะเกษ,7,อส4ข,1943279.42
2566,ศรีสะเกษ,7,อส9,10057299
2566,ศรีสะเกษ,10,รบ1,4
2566,ศรีสะเกษ,11,ป2,661600
2566,สกลนคร,1,ทป3,37544978.27
2566,สกลนคร,1,ป2,1559700
2566,สกลนคร,1,ภงด1,44959023.28
2566,สกลนคร,1,ภงด2,7064038.28
2566,สกลนคร,1,ภงด3,39680624.18
2566,สกลนคร,1,ภงด90,49896118.15
2566,สกลนคร,1,ภงด91,32842143.33
2566,สกลนคร,1,ภงด93,4798931.56
2566,สกลนคร,1,ภงด94,10088133.45
2566,สกลนคร,2,ทป3,3820695.71
2566,สกลนคร,2,ป2,674700
2566,สกลนคร,2,ภงด50,60968299.77
2566,สกลนคร,2,ภงด51,41729361.58
2566,สกลนคร,2,ภงด53,88630717.57
2566,สกลนคร,2,ภงด55,530057.32
2566,สกลนคร,5,ทป3,5464035.03
2566,สกลนคร,5,ป2,686300
2566,สกลนคร,5,ภพ30,696583433.2
2566,สกลนคร,5,ภพ36,2459112.06
2566,สกลนคร,6,ทป3,44110.96
2566,สกลนคร,6,ป2,15500
2566,สกลนคร,6,ภธ40,42167970.95
2566,สกลนคร,7,อส10,6761109.52
2566,สกลนคร,7,อส10.1,103500
2566,สกลนคร,7,อส4,2684906.55
2566,สกลนคร,7,อส4ก,105256.5
2566,สกลนคร,7,อส4ข,3037951.01
2566,สกลนคร,7,อส9,4095001
2566,สกลนคร,11,ป2,665201
2566,สกลนคร,15,รบ1,188.5
2566,สงขลา,1,ทป3,228457506.5
2566,สงขลา,1,ป2,2993200
2566,สงขลา,1,ภงด1,822089614.4
2566,สงขลา,1,ภงด2,346503258
2566,สงขลา,1,ภงด3,294352423.6
2566,สงขลา,1,ภงด90,224077299.8
2566,สงขลา,1,ภงด91,143153147.6
2566,สงขลา,1,ภงด93,118291008
2566,สงขลา,1,ภงด94,39307226.58
2566,สงขลา,2,ทป3,52243376.38
2566,สงขลา,2,ป2,1725700
2566,สงขลา,2,ภงด50,1351991777
2566,สงขลา,2,ภงด51,832638112.4
2566,สงขลา,2,ภงด52,5270672
2566,สงขลา,2,ภงด53,1158021497
2566,สงขลา,2,ภงด54,273327697.2
2566,สงขลา,2,ภงด55,749323.2
2566,สงขลา,5,ทป3,90039775.04
2566,สงขลา,5,ป2,920200
2566,สงขลา,5,ภพ30,3816478201
2566,สงขลา,5,ภพ30.2,54588.93
2566,สงขลา,5,ภพ36,70658228.23
2566,สงขลา,6,ทป3,2829915.95
2566,สงขลา,6,ป2,80400
2566,สงขลา,6,ภธ40,112267575.3
2566,สงขลา,7,ทป3,103080
2566,สงขลา,7,อส10,10365660.56
2566,สงขลา,7,อส10.1,2982349
2566,สงขลา,7,อส4,24381454.51
2566,สงขลา,7,อส4ก,332884
2566,สงขลา,7,อส4ข,8352027.4
2566,สงขลา,7,อส9,8792790
2566,สงขลา,9,รบ1,172
2566,สงขลา,10,รบ1,5
2566,สงขลา,11,ป2,2129435
2566,สงขลา,15,รบ1,1124.85
2566,สตูล,1,ทป3,10193881.79
2566,สตูล,1,ป2,528500
2566,สตูล,1,ภงด1,19709246.5
2566,สตูล,1,ภงด2,5599297.8
2566,สตูล,1,ภงด3,17007740.78
2566,สตูล,1,ภงด90,9584761.52
2566,สตูล,1,ภงด91,11425166.93
2566,สตูล,1,ภงด93,1916771.89
2566,สตูล,1,ภงด94,2719071.6
2566,สตูล,2,ทป3,4940531.28
2566,สตูล,2,ป2,219900
2566,สตูล,2,ภงด50,16705748.22
2566,สตูล,2,ภงด51,7806605.12
2566,สตูล,2,ภงด53,30331710.45
2566,สตูล,2,ภงด55,21571.44
2566,สตูล,5,ทป3,16791411.36
2566,สตูล,5,ป2,146100
2566,สตูล,5,ภพ30,241035503.9
2566,สตูล,5,ภพ30.2,141242.12
2566,สตูล,5,ภพ36,1419483.88
2566,สตูล,6,ทป3,284608.74
2566,สตูล,6,ป2,3100
2566,สตูล,6,ภธ40,11436516.87
2566,สตูล,7,อส10,1754859.01
2566,สตูล,7,อส10.1,114725
2566,สตูล,7,อส4,1300689.91
2566,สตูล,7,อส4ก,29124
2566,สตูล,7,อส4ข,697723
2566,สตูล,7,อส9,1293466
2566,สตูล,10,รบ1,0.5
2566,สตูล,11,ป2,235600
2566,สตูล,15,รบ1,612.13
2566,สมุทรปราการ,1,ทป3,593867034.5
2566,สมุทรปราการ,1,ป2,5379900
2566,สมุทรปราการ,1,ภงด1,13758250986
2566,สมุทรปราการ,1,ภงด2,3196724528
2566,สมุทรปราการ,1,ภงด3,1364750255
2566,สมุทรปราการ,1,ภงด90,699144094.8
2566,สมุทรปราการ,1,ภงด91,606095242.5
2566,สมุทรปราการ,1,ภงด93,29380686.58
2566,สมุทรปราการ,1,ภงด94,92633338.64
2566,สมุทรปราการ,2,ทป3,759443302.6
2566,สมุทรปราการ,2,ป2,12759700
2566,สมุทรปราการ,2,ภงด50,17967541895
2566,สมุทรปราการ,2,ภงด51,18658929723
2566,สมุทรปราการ,2,ภงด52,380235.81
2566,สมุทรปราการ,2,ภงด53,10300503223
2566,สมุทรปราการ,2,ภงด54,16987825598
2566,สมุทรปราการ,2,ภงด55,1881429.16
2566,สมุทรปราการ,5,ทป3,231129774.4
2566,สมุทรปราการ,5,ป2,4017800
2566,สมุทรปราการ,5,ภพ30,25537897101
2566,สมุทรปราการ,5,ภพ30.2,507901.54
2566,สมุทรปราการ,5,ภพ30.3,13284.16
2566,สมุทรปราการ,5,ภพ36,5554505683
2566,สมุทรปราการ,6,ทป3,913834.15
2566,สมุทรปราการ,6,ป2,122900
2566,สมุทรปราการ,6,ภธ40,175795515.9
2566,สมุทรปราการ,7,ทป3,9646989.13
2566,สมุทรปราการ,7,อส10,26157815.4
2566,สมุทรปราการ,7,อส10.1,823004
2566,สมุทรปราการ,7,อส4,139342367.9
2566,สมุทรปราการ,7,อส4ก,1356564
2566,สมุทรปราการ,7,อส4ข,9580904.5
2566,สมุทรปราการ,7,อส9,44555801
2566,สมุทรปราการ,9,รบ1,2286.17
2566,สมุทรปราการ,11,ป2,7627700
2566,สมุทรปราการ,15,รบ1,29271.14
2566,สมุทรปราการ,70,ภม60,4016100
2566,สมุทรสงคราม,1,ทป3,28729521.85
2566,สมุทรสงคราม,1,ป2,309300
2566,สมุทรสงคราม,1,ภงด1,53640387.21
2566,สมุทรสงคราม,1,ภงด2,27243770.25
2566,สมุทรสงคราม,1,ภงด3,21116229.61
2566,สมุทรสงคราม,1,ภงด90,35775428.01
2566,สมุทรสงคราม,1,ภงด91,13788801.08
2566,สมุทรสงคราม,1,ภงด93,28041.62
2566,สมุทรสงคราม,1,ภงด94,11464539.44
2566,สมุทรสงคราม,2,ทป3,14804718.45
2566,สมุทรสงคราม,2,ป2,343300
2566,สมุทรสงคราม,2,ภงด50,128161693.9
2566,สมุทรสงคราม,2,ภงด51,91963397.38
2566,สมุทรสงคราม,2,ภงด53,58623016.9
2566,สมุทรสงคราม,2,ภงด54,14561.78
2566,สมุทรสงคราม,2,ภงด55,407238.24
2566,สมุทรสงคราม,5,ทป3,15487593.64
2566,สมุทรสงคราม,5,ป2,198300
2566,สมุทรสงคราม,5,ภพ30,449355903.1
2566,สมุทรสงคราม,5,ภพ36,388425.88
2566,สมุทรสงคราม,6,ป2,8800
2566,สมุทรสงคราม,6,ภธ40,10045370.06
2566,สมุทรสงคราม,7,อส10,1887849.89
2566,สมุทรสงคราม,7,อส10.1,20563
2566,สมุทรสงคราม,7,อส4,1600297.25
2566,สมุทรสงคราม,7,อส4ก,33973.5
2566,สมุทรสงคราม,7,อส4ข,176483.2
2566,สมุทรสงคราม,7,อส9,552522
2566,สมุทรสงคราม,11,ป2,556500
2566,สมุทรสาคร,1,ทป3,164584264.3
2566,สมุทรสาคร,1,ป2,2729600
2566,สมุทรสาคร,1,ภงด1,2535523066
2566,สมุทรสาคร,1,ภงด2,1211949318
2566,สมุทรสาคร,1,ภงด3,422091922.3
2566,สมุทรสาคร,1,ภงด90,242029796
2566,สมุทรสาคร,1,ภงด91,118625929.3
2566,สมุทรสาคร,1,ภงด94,42850063.79
2566,สมุทรสาคร,2,ทป3,108404911.5
2566,สมุทรสาคร,2,ป2,4500800
2566,สมุทรสาคร,2,ภงด50,3840791095
2566,สมุทรสาคร,2,ภงด51,2814688509
2566,สมุทรสาคร,2,ภงด53,1719817117
2566,สมุทรสาคร,2,ภงด54,525800993
2566,สมุทรสาคร,2,ภงด55,302838.92
2566,สมุทรสาคร,5,ทป3,65853533.3
2566,สมุทรสาคร,5,ป2,1519300
2566,สมุทรสาคร,5,ภพ30,9341928842
2566,สมุทรสาคร,5,ภพ30.2,77166.62
2566,สมุทรสาคร,5,ภพ36,136806296.7
2566,สมุทรสาคร,6,ทป3,859221.89
2566,สมุทรสาคร,6,ป2,51500
2566,สมุทรสาคร,6,ภธ40,63212824.19
2566,สมุทรสาคร,7,อส10,9517055.09
2566,สมุทรสาคร,7,อส10.1,54803
2566,สมุทรสาคร,7,อส4,15986818
2566,สมุทรสาคร,7,อส4ก,522378
2566,สมุทรสาคร,7,อส4ข,14068818.91
2566,สมุทรสาคร,7,อส9,8195023
2566,สมุทรสาคร,11,ป2,2562900
2566,สมุทรสาคร,15,รบ1,0.87
2566,สระแก้ว,1,ทป3,20147208.67
2566,สระแก้ว,1,ป2,873700
2566,สระแก้ว,1,ภงด1,33517037.94
2566,สระแก้ว,1,ภงด2,14595467.14
2566,สระแก้ว,1,ภงด3,35187752.54
2566,สระแก้ว,1,ภงด90,36161612.09
2566,สระแก้ว,1,ภงด91,15373537.92
2566,สระแก้ว,1,ภงด93,35072345.61
2566,สระแก้ว,1,ภงด94,14027038.73
2566,สระแก้ว,2,ทป3,8828749.69
2566,สระแก้ว,2,ป2,624600
2566,สระแก้ว,2,ภงด50,81313249.92
2566,สระแก้ว,2,ภงด51,63135520.04
2566,สระแก้ว,2,ภงด53,88227372.43
2566,สระแก้ว,2,ภงด54,235045.18
2566,สระแก้ว,2,ภงด55,67986.84
2566,สระแก้ว,5,ทป3,4865965.58
2566,สระแก้ว,5,ป2,342000
2566,สระแก้ว,5,ภพ30,819936963.5
2566,สระแก้ว,5,ภพ30.2,12161.86
2566,สระแก้ว,5,ภพ36,1503983.58
2566,สระแก้ว,6,ทป3,83659.67
2566,สระแก้ว,6,ป2,10800
2566,สระแก้ว,6,ภธ40,14912893.85
2566,สระแก้ว,7,อส10,4538160.34
2566,สระแก้ว,7,อส10.1,119302
2566,สระแก้ว,7,อส4,1789060.12
2566,สระแก้ว,7,อส4ก,60628
2566,สระแก้ว,7,อส4ข,455475.76
2566,สระแก้ว,7,อส9,5376692
2566,สระแก้ว,9,รบ1,300
2566,สระแก้ว,10,รบ1,1.5
2566,สระแก้ว,11,ป2,778500
2566,สระบุรี,1,ทป3,70548969.74
2566,สระบุรี,1,ป2,1383800
2566,สระบุรี,1,ภงด1,1078347971
2566,สระบุรี,1,ภงด2,139438732.2
2566,สระบุรี,1,ภงด3,197432200.4
2566,สระบุรี,1,ภงด90,93153780.67
2566,สระบุรี,1,ภงด91,68711202.95
2566,สระบุรี,1,ภงด93,23300841.99
2566,สระบุรี,1,ภงด94,27699709.55
2566,สระบุรี,2,ทป3,37061410.89
2566,สระบุรี,2,ป2,2175200
2566,สระบุรี,2,ภงด50,1305504147
2566,สระบุรี,2,ภงด51,1158586402
2566,สระบุรี,2,ภงด53,847013712
2566,สระบุรี,2,ภงด54,542942780.8
2566,สระบุรี,2,ภงด55,720774.73
2566,สระบุรี,5,ทป3,18859756.52
2566,สระบุรี,5,ป2,557700
2566,สระบุรี,5,ภพ30,4489978786
2566,สระบุรี,5,ภพ36,194744221.6
2566,สระบุรี,6,ทป3,1542.1
2566,สระบุรี,6,ป2,15100
2566,สระบุรี,6,ภธ40,45811521.33
2566,สระบุรี,7,อส10,10736951.24
2566,สระบุรี,7,อส10.1,1288044
2566,สระบุรี,7,อส4,16425555.75
2566,สระบุรี,7,อส4ก,166423.5
2566,สระบุรี,7,อส4ข,8427813.75
2566,สระบุรี,7,อส9,3646375
2566,สระบุรี,10,รบ1,27
2566,สระบุรี,11,ป2,2171300
2566,สระบุรี,15,รบ1,3.5
2566,สิงห์บุรี,1,ทป3,18491049.22
2566,สิงห์บุรี,1,ป2,404600
2566,สิงห์บุรี,1,ภงด1,51694796.22
2566,สิงห์บุรี,1,ภงด2,21307395.73
2566,สิงห์บุรี,1,ภงด3,23642864.13
2566,สิงห์บุรี,1,ภงด90,24122564.29
2566,สิงห์บุรี,1,ภงด91,15344377.21
2566,สิงห์บุรี,1,ภงด93,11424794.75
2566,สิงห์บุรี,1,ภงด94,5341214.37
2566,สิงห์บุรี,2,ทป3,11062674.95
2566,สิงห์บุรี,2,ป2,196300
2566,สิงห์บุรี,2,ภงด50,92787268.39
2566,สิงห์บุรี,2,ภงด51,91111360.82
2566,สิงห์บุรี,2,ภงด53,61292718.06
2566,สิงห์บุรี,2,ภงด54,21723736.63
2566,สิงห์บุรี,2,ภงด55,51633.31
2566,สิงห์บุรี,5,ทป3,9917154.27
2566,สิงห์บุรี,5,ป2,81400
2566,สิงห์บุรี,5,ภพ30,352860882.7
2566,สิงห์บุรี,5,ภพ36,3339920.05
2566,สิงห์บุรี,6,ทป3,215200.69
2566,สิงห์บุรี,6,ป2,6100
2566,สิงห์บุรี,6,ภธ40,9369705.8
2566,สิงห์บุรี,7,อส10,2093725.6
2566,สิงห์บุรี,7,อส10.1,108648
2566,สิงห์บุรี,7,อส4,1933010
2566,สิงห์บุรี,7,อส4ก,21117
2566,สิงห์บุรี,7,อส4ข,185453
2566,สิงห์บุรี,7,อส9,816266
2566,สิงห์บุรี,11,ป2,403600
2566,สุโขทัย,1,ทป3,28988159.28
2566,สุโขทัย,1,ป2,1419900
2566,สุโขทัย,1,ภงด1,35968856.94
2566,สุโขทัย,1,ภงด2,12497304.48
2566,สุโขทัย,1,ภงด3,34208111.59
2566,สุโขทัย,1,ภงด90,46024404.1
2566,สุโขทัย,1,ภงด91,20527588.28
2566,สุโขทัย,1,ภงด93,21716373.58
2566,สุโขทัย,1,ภงด94,12714300.66
2566,สุโขทัย,2,ทป3,4667944.6
2566,สุโขทัย,2,ป2,505000
2566,สุโขทัย,2,ภงด50,60598005.17
2566,สุโขทัย,2,ภงด51,42318195.13
2566,สุโขทัย,2,ภงด53,88970981.18
2566,สุโขทัย,2,ภงด55,519427.58
2566,สุโขทัย,5,ทป3,21670592.41
2566,สุโขทัย,5,ป2,248100
2566,สุโขทัย,5,ภพ30,401640570.5
2566,สุโขทัย,5,ภพ36,2979764.81
2566,สุโขทัย,6,ทป3,380401.91
2566,สุโขทัย,6,ป2,11000
2566,สุโขทัย,6,ภธ40,26728706.77
2566,สุโขทัย,7,อส10,1921845.48
2566,สุโขทัย,7,อส10.1,2700280
2566,สุโขทัย,7,อส4,1279666.3
2566,สุโขทัย,7,อส4ก,60024
2566,สุโขทัย,7,อส4ข,3321375
2566,สุโขทัย,7,อส9,4983153
2566,สุโขทัย,9,รบ1,940
2566,สุโขทัย,10,รบ1,2.5
2566,สุโขทัย,11,ป2,366600
2566,สุโขทัย,15,รบ1,330
2566,สุพรรณบุรี,1,ทป3,56917940.96
2566,สุพรรณบุรี,1,ป2,1151400
2566,สุพรรณบุรี,1,ภงด1,94212598.41
2566,สุพรรณบุรี,1,ภงด2,30517940.56
2566,สุพรรณบุรี,1,ภงด3,87511948.71
2566,สุพรรณบุรี,1,ภงด90,105963022.5
2566,สุพรรณบุรี,1,ภงด91,37475501.66
2566,สุพรรณบุรี,1,ภงด93,47791545.2
2566,สุพรรณบุรี,1,ภงด94,30207566.54
2566,สุพรรณบุรี,2,ทป3,13521464.42
2566,สุพรรณบุรี,2,ป2,1969700
2566,สุพรรณบุรี,2,ภงด50,165278731.3
2566,สุพรรณบุรี,2,ภงด51,151691785.9
2566,สุพรรณบุรี,2,ภงด53,211221675.9
2566,สุพรรณบุรี,2,ภงด54,923.75
2566,สุพรรณบุรี,2,ภงด55,1511865.2
2566,สุพรรณบุรี,5,ทป3,55427299.62
2566,สุพรรณบุรี,5,ป2,583800
2566,สุพรรณบุรี,5,ภพ30,1214375998
2566,สุพรรณบุรี,5,ภพ30.2,111505.85
2566,สุพรรณบุรี,5,ภพ36,2769123.36
2566,สุพรรณบุรี,6,ทป3,240500.8
2566,สุพรรณบุรี,6,ป2,21800
2566,สุพรรณบุรี,6,ภธ40,32822379.14
2566,สุพรรณบุรี,7,อส10,7028965.32
2566,สุพรรณบุรี,7,อส10.1,247644
2566,สุพรรณบุรี,7,อส4,2457221.5
2566,สุพรรณบุรี,7,อส4ก,96552.6
2566,สุพรรณบุรี,7,อส4ข,1043823.6
2566,สุพรรณบุรี,7,อส9,6968875
2566,สุพรรณบุรี,9,รบ1,0.5
2566,สุพรรณบุรี,10,รบ1,6
2566,สุพรรณบุรี,11,ป2,1335900
2566,สุพรรณบุรี,15,รบ1,2
2566,สุราษฎร์ธานี,1,ทป3,107117270.5
2566,สุราษฎร์ธานี,1,ป2,2617500
2566,สุราษฎร์ธานี,1,ภงด1,395008682.3
2566,สุราษฎร์ธานี,1,ภงด2,79838599.38
2566,สุราษฎร์ธานี,1,ภงด3,202074217.9
2566,สุราษฎร์ธานี,1,ภงด90,158686969
2566,สุราษฎร์ธานี,1,ภงด91,65547397.71
2566,สุราษฎร์ธานี,1,ภงด93,56084491.9
2566,สุราษฎร์ธานี,1,ภงด94,41840283.2
2566,สุราษฎร์ธานี,2,ทป3,94780626.88
2566,สุราษฎร์ธานี,2,ป2,2856600
2566,สุราษฎร์ธานี,2,ภงด50,463334419.5
2566,สุราษฎร์ธานี,2,ภงด51,306918561
2566,สุราษฎร์ธานี,2,ภงด52,3251123.25
2566,สุราษฎร์ธานี,2,ภงด53,606840349.5
2566,สุราษฎร์ธานี,2,ภงด54,22240944.92
2566,สุราษฎร์ธานี,2,ภงด55,525478.88
2566,สุราษฎร์ธานี,5,ทป3,41223390.84
2566,สุราษฎร์ธานี,5,ป2,875100
2566,สุราษฎร์ธานี,5,ภพ30,3700773153
2566,สุราษฎร์ธานี,5,ภพ36,42713125.59
2566,สุราษฎร์ธานี,6,ทป3,2146023.7
2566,สุราษฎร์ธานี,6,ป2,29900
2566,สุราษฎร์ธานี,6,ภธ40,86795938.67
2566,สุราษฎร์ธานี,7,ทป3,0.18
2566,สุราษฎร์ธานี,7,อส10,10491906.6
2566,สุราษฎร์ธานี,7,อส10.1,532802
2566,สุราษฎร์ธานี,7,อส4,14204791.75
2566,สุราษฎร์ธานี,7,อส4ก,432453.18
2566,สุราษฎร์ธานี,7,อส4ข,7032903.51
2566,สุราษฎร์ธานี,7,อส9,4769580
2566,สุราษฎร์ธานี,10,รบ1,2
2566,สุราษฎร์ธานี,11,ป2,1425000
2566,สุราษฎร์ธานี,15,รบ1,1803.5
2566,สุรินทร์,1,ทป3,58690652.69
2566,สุรินทร์,1,ป2,2002500
2566,สุรินทร์,1,ภงด1,58655378.13
2566,สุรินทร์,1,ภงด2,22457630.96
2566,สุรินทร์,1,ภงด3,59884700.93
2566,สุรินทร์,1,ภงด90,75156055.26
2566,สุรินทร์,1,ภงด91,46958482.7
2566,สุรินทร์,1,ภงด93,17645687.96
2566,สุรินทร์,1,ภงด94,16977727.21
2566,สุรินทร์,2,ทป3,18651541.23
2566,สุรินทร์,2,ป2,1384300
2566,สุรินทร์,2,ภงด50,124576745.6
2566,สุรินทร์,2,ภงด51,108473152.9
2566,สุรินทร์,2,ภงด53,141436254.3
2566,สุรินทร์,2,ภงด54,37215999.82
2566,สุรินทร์,2,ภงด55,766147.17
2566,สุรินทร์,5,ทป3,19500050.9
2566,สุรินทร์,5,ป2,659400
2566,สุรินทร์,5,ภพ30,1001147679
2566,สุรินทร์,5,ภพ36,3342220.11
2566,สุรินทร์,6,ทป3,90075.94
2566,สุรินทร์,6,ป2,49100
2566,สุรินทร์,6,ภธ40,48422975.31
2566,สุรินทร์,7,อส10,7148341.68
2566,สุรินทร์,7,อส10.1,315711
2566,สุรินทร์,7,อส4,3140544.13
2566,สุรินทร์,7,อส4ก,147599.7
2566,สุรินทร์,7,อส4ข,2556605.05
2566,สุรินทร์,7,อส9,8309028
2566,สุรินทร์,10,รบ1,2
2566,สุรินทร์,11,ป2,957901
2566,สุรินทร์,15,รบ1,2
2566,หนองคาย,1,ทป3,25417932.36
2566,หนองคาย,1,ป2,1027400
2566,หนองคาย,1,ภงด1,34037000.71
2566,หนองคาย,1,ภงด2,8854900.92
2566,หนองคาย,1,ภงด3,27363995.19
2566,หนองคาย,1,ภงด90,28553861.65
2566,หนองคาย,1,ภงด91,17068017.03
2566,หนองคาย,1,ภงด93,3193941
2566,หนองคาย,1,ภงด94,10877763.26
2566,หนองคาย,2,ทป3,6569678.58
2566,หนองคาย,2,ป2,363200
2566,หนองคาย,2,ภงด50,71105099.53
2566,หนองคาย,2,ภงด51,48754352.43
2566,หนองคาย,2,ภงด53,63823776.26
2566,หนองคาย,2,ภงด54,28708.71
2566,หนองคาย,2,ภงด55,229689.96
2566,หนองคาย,5,ทป3,11398757.21
2566,หนองคาย,5,ป2,356200
2566,หนองคาย,5,ภพ30,687820690.5
2566,หนองคาย,5,ภพ36,625920.93
2566,หนองคาย,6,ทป3,3219.8
2566,หนองคาย,6,ป2,49900
2566,หนองคาย,6,ภธ40,26700485.46
2566,หนองคาย,7,อส10,3047643
2566,หนองคาย,7,อส10.1,159303
2566,หนองคาย,7,อส4,954898.5
2566,หนองคาย,7,อส4ก,54507
2566,หนองคาย,7,อส4ข,1000490.27
2566,หนองคาย,7,อส9,1137894
2566,หนองคาย,11,ป2,502300
2566,หนองคาย,15,รบ1,1961.13
2566,หนองบัวลำภู,1,ทป3,14455803.15
2566,หนองบัวลำภู,1,ป2,874100
2566,หนองบัวลำภู,1,ภงด1,21940452.04
2566,หนองบัวลำภู,1,ภงด2,5376412.42
2566,หนองบัวลำภู,1,ภงด3,23033341.01
2566,หนองบัวลำภู,1,ภงด90,15987526.22
2566,หนองบัวลำภู,1,ภงด91,11552121.05
2566,หนองบัวลำภู,1,ภงด93,32834914.58
2566,หนองบัวลำภู,1,ภงด94,6581569.06
2566,หนองบัวลำภู,2,ทป3,3936123.13
2566,หนองบัวลำภู,2,ป2,464000
2566,หนองบัวลำภู,2,ภงด50,46096042.25
2566,หนองบัวลำภู,2,ภงด51,55563863.75
2566,หนองบัวลำภู,2,ภงด53,54119304.07
2566,หนองบัวลำภู,2,ภงด55,58749.64
2566,หนองบัวลำภู,5,ทป3,8702851.83
2566,หนองบัวลำภู,5,ป2,218600
2566,หนองบัวลำภู,5,ภพ30,384265725.6
2566,หนองบัวลำภู,5,ภพ36,940171.47
2566,หนองบัวลำภู,6,ทป3,511.82
2566,หนองบัวลำภู,6,ป2,3800
2566,หนองบัวลำภู,6,ภธ40,17380944.16
2566,หนองบัวลำภู,7,อส10,3007097
2566,หนองบัวลำภู,7,อส10.1,108237
2566,หนองบัวลำภู,7,อส4,930134.78
2566,หนองบัวลำภู,7,อส4ก,32738
2566,หนองบัวลำภู,7,อส4ข,876432.28
2566,หนองบัวลำภู,7,อส9,2458546
2566,หนองบัวลำภู,11,ป2,277800
2566,อ่างทอง,1,ทป3,18027917.29
2566,อ่างทอง,1,ป2,314900
2566,อ่างทอง,1,ภงด1,88103187.13
2566,อ่างทอง,1,ภงด2,19163369.76
2566,อ่างทอง,1,ภงด3,26638373.87
2566,อ่างทอง,1,ภงด90,25031288.86
2566,อ่างทอง,1,ภงด91,15991333.83
2566,อ่างทอง,1,ภงด93,7140
2566,อ่างทอง,1,ภงด94,7096857.16
2566,อ่างทอง,2,ทป3,3110678.21
2566,อ่างทอง,2,ป2,238000
2566,อ่างทอง,2,ภงด50,31996488.02
2566,อ่างทอง,2,ภงด51,55583703.16
2566,อ่างทอง,2,ภงด53,50277556.91
2566,อ่างทอง,2,ภงด54,62273220.09
2566,อ่างทอง,2,ภงด55,127941.95
2566,อ่างทอง,5,ทป3,2553576.09
2566,อ่างทอง,5,ป2,127800
2566,อ่างทอง,5,ภพ30,324581034.1
2566,อ่างทอง,5,ภพ36,12971992.24
2566,อ่างทอง,6,ทป3,94311
2566,อ่างทอง,6,ป2,5600
2566,อ่างทอง,6,ภธ40,10377199.05
2566,อ่างทอง,7,อส10,1063362.5
2566,อ่างทอง,7,อส10.1,1145058
2566,อ่างทอง,7,อส4,3230867.51
2566,อ่างทอง,7,อส4ก,24615
2566,อ่างทอง,7,อส4ข,255602.5
2566,อ่างทอง,7,อส9,407878
2566,อ่างทอง,10,รบ1,3
2566,อ่างทอง,11,ป2,544500
2566,อ่างทอง,15,รบ1,18
2566,อำนาจเจริญ,1,ทป3,17417648.3
2566,อำนาจเจริญ,1,ป2,807300
2566,อำนาจเจริญ,1,ภงด1,13668648.4
2566,อำนาจเจริญ,1,ภงด2,4649169.38
2566,อำนาจเจริญ,1,ภงด3,13024365.71
2566,อำนาจเจริญ,1,ภงด90,19333511.99
2566,อำนาจเจริญ,1,ภงด91,10283491.31
2566,อำนาจเจริญ,1,ภงด93,13520348.74
2566,อำนาจเจริญ,1,ภงด94,7412546.87
2566,อำนาจเจริญ,2,ทป3,2968362.06
2566,อำนาจเจริญ,2,ป2,87400
2566,อำนาจเจริญ,2,ภงด50,24257958.04
2566,อำนาจเจริญ,2,ภงด51,15809634.24
2566,อำนาจเจริญ,2,ภงด53,23535201.16
2566,อำนาจเจริญ,2,ภงด55,138753
2566,อำนาจเจริญ,5,ทป3,6528126.22
2566,อำนาจเจริญ,5,ป2,219100
2566,อำนาจเจริญ,5,ภพ30,255234026.5
2566,อำนาจเจริญ,5,ภพ30.2,41377.84
2566,อำนาจเจริญ,5,ภพ36,2826866.13
2566,อำนาจเจริญ,6,ทป3,216404.29
2566,อำนาจเจริญ,6,ป2,2800
2566,อำนาจเจริญ,6,ภธ40,13947944.81
2566,อำนาจเจริญ,7,อส10,1612334
2566,อำนาจเจริญ,7,อส10.1,355797
2566,อำนาจเจริญ,7,อส4,442246
2566,อำนาจเจริญ,7,อส4ก,25692
2566,อำนาจเจริญ,7,อส4ข,282454.85
2566,อำนาจเจริญ,7,อส9,1087181
2566,อำนาจเจริญ,9,รบ1,0.5
2566,อำนาจเจริญ,11,ป2,184100
2566,อำนาจเจริญ,15,รบ1,1.5
2566,อุดรธานี,1,ทป3,109228918.9
2566,อุดรธานี,1,ป2,2516100
2566,อุดรธานี,1,ภงด1,129526234.3
2566,อุดรธานี,1,ภงด2,55878829.66
2566,อุดรธานี,1,ภงด3,120886968
2566,อุดรธานี,1,ภงด90,117607466.1
2566,อุดรธานี,1,ภงด91,69342249.35
2566,อุดรธานี,1,ภงด93,63373886.5
2566,อุดรธานี,1,ภงด94,32134143.35
2566,อุดรธานี,2,ทป3,21599516.96
2566,อุดรธานี,2,ป2,1528200
2566,อุดรธานี,2,ภงด50,239053161.4
2566,อุดรธานี,2,ภงด51,153501533
2566,อุดรธานี,2,ภงด53,259750774.6
2566,อุดรธานี,2,ภงด54,4249599.25
2566,อุดรธานี,2,ภงด55,1700533.75
2566,อุดรธานี,5,ทป3,34129973.86
2566,อุดรธานี,5,ป2,1243400
2566,อุดรธานี,5,ภพ30,1648168328
2566,อุดรธานี,5,ภพ36,11721358.83
2566,อุดรธานี,6,ทป3,386271.91
2566,อุดรธานี,6,ป2,34000
2566,อุดรธานี,6,ภธ40,68210650.48
2566,อุดรธานี,7,อส10,8470841.13
2566,อุดรธานี,7,อส10.1,1422181
2566,อุดรธานี,7,อส4,6145567.88
2566,อุดรธานี,7,อส4ก,192027
2566,อุดรธานี,7,อส4ข,6322248.18
2566,อุดรธานี,7,อส9,10785265
2566,อุดรธานี,10,รบ1,0.5
2566,อุดรธานี,11,ป2,1119800
2566,อุดรธานี,15,รบ1,110.7
2566,อุตรดิตถ์,1,ทป3,30346250.08
2566,อุตรดิตถ์,1,ป2,815700
2566,อุตรดิตถ์,1,ภงด1,38446005.12
2566,อุตรดิตถ์,1,ภงด2,37950311.19
2566,อุตรดิตถ์,1,ภงด3,24989036.02
2566,อุตรดิตถ์,1,ภงด90,36603388.79
2566,อุตรดิตถ์,1,ภงด91,18350705.69
2566,อุตรดิตถ์,1,ภงด93,17610721.23
2566,อุตรดิตถ์,1,ภงด94,6693039.73
2566,อุตรดิตถ์,2,ทป3,3129009.27
2566,อุตรดิตถ์,2,ป2,260000
2566,อุตรดิตถ์,2,ภงด50,134782231.4
2566,อุตรดิตถ์,2,ภงด51,117584561.8
2566,อุตรดิตถ์,2,ภงด53,49912606.7
2566,อุตรดิตถ์,2,ภงด54,49.32
2566,อุตรดิตถ์,2,ภงด55,196632.01
2566,อุตรดิตถ์,5,ทป3,10931268.55
2566,อุตรดิตถ์,5,ป2,180800
2566,อุตรดิตถ์,5,ภพ30,528257393.7
2566,อุตรดิตถ์,5,ภพ36,970193.73
2566,อุตรดิตถ์,6,ทป3,11607.11
2566,อุตรดิตถ์,6,ป2,7000
2566,อุตรดิตถ์,6,ภธ40,98737766.75
2566,อุตรดิตถ์,7,อส10,3053454.34
2566,อุตรดิตถ์,7,อส10.1,295177
2566,อุตรดิตถ์,7,อส4,1961868.96
2566,อุตรดิตถ์,7,อส4ก,64890
2566,อุตรดิตถ์,7,อส4ข,1815373.5
2566,อุตรดิตถ์,7,อส9,1824450
2566,อุตรดิตถ์,9,รบ1,765
2566,อุตรดิตถ์,11,ป2,443600
2566,อุตรดิตถ์,15,รบ1,1200
2566,อุทัยธานี,1,ทป3,16581138.52
2566,อุทัยธานี,1,ป2,571000
2566,อุทัยธานี,1,ภงด1,18554506.28
2566,อุทัยธานี,1,ภงด2,3240224.48
2566,อุทัยธานี,1,ภงด3,16050979.89
2566,อุทัยธานี,1,ภงด90,21413017.09
2566,อุทัยธานี,1,ภงด91,12108497.85
2566,อุทัยธานี,1,ภงด93,38716926.76
2566,อุทัยธานี,1,ภงด94,5784102.09
2566,อุทัยธานี,2,ทป3,416402.89
2566,อุทัยธานี,2,ป2,116800
2566,อุทัยธานี,2,ภงด50,26287540.54
2566,อุทัยธานี,2,ภงด51,28836736.55
2566,อุทัยธานี,2,ภงด53,35125672.82
2566,อุทัยธานี,2,ภงด55,316270
2566,อุทัยธานี,5,ทป3,6081693.62
2566,อุทัยธานี,5,ป2,222700
2566,อุทัยธานี,5,ภพ30,231723490
2566,อุทัยธานี,5,ภพ36,449870.27
2566,อุทัยธานี,6,ทป3,100284.15
2566,อุทัยธานี,6,ป2,3700
2566,อุทัยธานี,6,ภธ40,5772883.31
2566,อุทัยธานี,7,อส10,2900480.42
2566,อุทัยธานี,7,อส10.1,7100
2566,อุทัยธานี,7,อส4,625511.25
2566,อุทัยธานี,7,อส4ก,55056
2566,อุทัยธานี,7,อส4ข,426032
2566,อุทัยธานี,7,อส9,3129679
2566,อุทัยธานี,10,รบ1,0.5
2566,อุทัยธานี,11,ป2,267200
2566,อุบลราชธานี,1,ทป3,94762619.37
2566,อุบลราชธานี,1,ป2,3570000
2566,อุบลราชธานี,1,ภงด1,186588277.3
2566,อุบลราชธานี,1,ภงด2,101550098.7
2566,อุบลราชธานี,1,ภงด3,120882009.1
2566,อุบลราชธานี,1,ภงด90,110064449.8
2566,อุบลราชธานี,1,ภงด91,74985347.84
2566,อุบลราชธานี,1,ภงด93,675971.26
2566,อุบลราชธานี,1,ภงด94,30780196.53
2566,อุบลราชธานี,2,ทป3,5817427.18
2566,อุบลราชธานี,2,ป2,1252500
2566,อุบลราชธานี,2,ภงด50,302222434.7
2566,อุบลราชธานี,2,ภงด51,281016139.5
2566,อุบลราชธานี,2,ภงด53,365833307.2
2566,อุบลราชธานี,2,ภงด54,3604690.82
2566,อุบลราชธานี,2,ภงด55,1023148.96
2566,อุบลราชธานี,5,ทป3,31902684.25
2566,อุบลราชธานี,5,ป2,1145500
2566,อุบลราชธานี,5,ภพ30,2217843734
2566,อุบลราชธานี,5,ภพ36,6684869.36
2566,อุบลราชธานี,6,ทป3,1773222.34
2566,อุบลราชธานี,6,ป2,69300
2566,อุบลราชธานี,6,ภธ40,101693263.9
2566,อุบลราชธานี,7,อส10,10319986
2566,อุบลราชธานี,7,อส10.1,1304808
2566,อุบลราชธานี,7,อส4,5398928
2566,อุบลราชธานี,7,อส4ก,136364
2566,อุบลราชธานี,7,อส4ข,9497971.39
2566,อุบลราชธานี,7,อส9,9779700
2566,อุบลราชธานี,10,รบ1,3
2566,อุบลราชธานี,11,ป2,1546000
2566,อุบลราชธานี,15,รบ1,1
